"module","sha"
"boundary-fast.hsaco","40FA66062ECA6BBE654E480944783C27B9BD93970696E1FFCA9BBC8773CA9700"
"boundary_reference.hsaco","1B1A514743924D43542ED9AC30E4CA50EC6E84E62D2BAFAB1960AAF061E0ADC8"
"c32-wave1.hsaco","AA9992585C7BBC26C9B574BE29298DE4FB88913BB93CAB8E6096DA273DF9DEC3"
"c32_fast.hsaco","A639601561123594F6D8B335F884F4E229338875F460213AF1396BC2F28C90EC"
"c32_fast_attention.hsaco","B3ABD5620764F5A5BA4D86FB439E0A57688E346AFDD5945F6F1D9067DA6D032C"
"c32_fused_attention.hsaco","5091D35E5AC53E4A8D16DE2F5FB1C8C057159C72D6605FAEB5A5CA7DAA65AACD"
"c32_fused_ffn_attention-packed.hsaco","F8D140DC702F2BD8B22A37E15A12AC901BE7D493EE5FA03337AF6DCD6EDDAF85"
"c32_fused_ffn_attention.hsaco","16726C35E7D094FEED5D1924D4D39A5F2102997D4C25E3986E444A251B0588AF"
"c32_prefix_reference.hsaco","B3835EDEB77C51FE199E5F1F45BDEEF2F5E2F2550DCA42D826FB6B63FF373D6D"
"c32_tiled.hsaco","6E7DB748FBD492CD566F208A1AA3B7E48A42A9C0D8B31022148469BB46D01E8F"
"c32_wmma.hsaco","4D239CA134400EE2B42C60F99DC24202F9A4FD38C21A471C01A98217DF04B294"
"c512-m32-deep.hsaco","B03DDE0F3020B63811BB80BE64B4177210D342B03B5093E51F9F1C8C044F0FCF"
"c512-m32-mh.hsaco","9A47275F3D862700B1511BF6B7006221C00527F79C1979461656B58A9C772093"
"c64-wave2.hsaco","F9E8F0C5C4ECA1C2AB919194AE284FFB355B67B313CE3A8AE5516165306553DD"
"deep_fast-packed.hsaco","7AA3A1C765D1C29D926C090E1531E86D65156F880B152D94EE8C58D80E5AE2D7"
"deep_fast.hsaco","E89492644074EE2E6A68D0BD64BF39EE2FC0BB788F3B73BD505D9584F26DD305"
"deep_reference.hsaco","0D2E3E9658A8ABC53BE68B6FC108CE57594784D3ED56F237BEDD9766D86DB895"
"deep_wmma.hsaco","B562C8986300B0517818AE54A46108E725E1ECC6C6B6C88A3B7FA14C749A5B2F"
"multihead-fast-packed.hsaco","31E258756683B9A60E455C1C315C7B22B9605D90AE784891073FB6C74BA8EAD7"
"multihead-fast-padded-wave-packed.hsaco","1D0103A7A977B256D93C31DCDD3E12B6BE7CCFC15FB1E473D30CC6F64490AD2F"
"multihead-fast-padded-wave.hsaco","FDA0068D36FCA2F08A512166CFAF4D95D59DD3ED573C5E06169B9CE1F9EC7BC3"
"multihead-fast.hsaco","3493FB0EDE45F233A5D09472BD7A76D7532387F1FD6B0C835D46C20C0D196C9A"
"multihead-reference.hsaco","1CFA639E9F37B7872C69D738C7332B58EAAF0539CAF720CC29A844E770FC8CBE"
"multihead-tiled.hsaco","3799AE40ECEC89796132BF6464A76FAF1ADFFFE65DF2F5E6406F47A86F67AA81"
"multihead-wmma.hsaco","BFC99774435FCF89985A795EA6E1C20DE3335053097B40206839ADF687D0E226"
"multihead_fused_attention.hsaco","F7F23560D490868EACB161D7E49C958548FAAA1D61384014EA0859B5E8CEF1B9"
"prefix_fast.hsaco","A195C115F8930A467D2113D076435BE5EE784106C9F15215832EEE54C5680F34"
"vit-stream.hsaco","9585EEE07B3CAFB86E41F611F7762006FB6482BFCC25FE436EFF98402443ACD3"
"vit-wide-deep.hsaco","1D590B9279FDE04874B7BAF07E6EA827C228FA7AA4E72397D9E8D341D93EF7C4"
"wave-pointwise.hsaco","5E65693DA46044B697218194BB17EC8453952FA4A4A684C6ECC59DF1CECF12AA"
