"lab","sub","n","GB"
"profile1080","streamstage","8","0.04"
"vit-residual-results","base-900-s0","4","0.02"
"vit-residual-results","control-0-900-s0","4","0.02"
"vit-residual-results","control-2-900-s0","4","0.02"
"vit-residual-results","control-4-900-s0","4","0.02"
"vit-residual-results","base-1080-s0","4","0.02"
"vit-residual-results","control-0-1080-s0","4","0.02"
"vit-residual-results","control-2-1080-s0","4","0.02"
"vit-residual-results","control-4-1080-s0","4","0.02"
"vit-residual-results","forced-4-900-s1","28","0.13"
"vit-residual-results","forced-4-900-s2","28","0.13"
"vit-residual-results","forced-4-900-s3","28","0.13"
"vit-residual-results","forced-4-900-s4","28","0.13"
"vit-residual-gain-results","base-900-s0","4","0.02"
"vit-residual-gain-results","control-0-900-s0","4","0.02"
"vit-residual-gain-results","control-2-900-s0","4","0.02"
"vit-residual-gain-results","control-4-900-s0","4","0.02"
"vit-residual-gain-results","base-1080-s0","4","0.02"
"vit-residual-gain-results","control-0-1080-s0","4","0.02"
"vit-residual-gain-results","control-2-1080-s0","4","0.02"
"vit-residual-gain-results","control-4-1080-s0","4","0.02"
"vit-residual-gain-results","forced-4-900-s1","28","0.13"
"vit-residual-gain-results","forced-4-900-s2","28","0.13"
"vit-residual-gain-results","forced-4-900-s3","28","0.13"
"vit-residual-gain-results","forced-4-900-s4","28","0.13"
"vit-residual-gain-results","timing-4-base-0-900-s0","4","0.02"
"vit-residual-gain-results","timing-4-reuse-1-900-s0","4","0.02"
"vit-residual-gain-results","timing-4-reuse-2-900-s0","4","0.02"
"vit-residual-gain-results","timing-4-base-3-900-s0","4","0.02"
"vit-residual-gain-results","timing-4-base-0-1080-s0","4","0.02"
"vit-residual-gain-results","timing-4-reuse-1-1080-s0","4","0.02"
"vit-residual-gain-results","timing-4-reuse-2-1080-s0","4","0.02"
"vit-residual-gain-results","timing-4-base-3-1080-s0","4","0.02"
"vit-adaptive-r1-results","base-900-s0","28","0.13"
"vit-adaptive-r1-results","control-0-900-s0","28","0.13"
"vit-adaptive-r1-results","control-2-900-s0","28","0.13"
"vit-adaptive-r1-results","control-3-900-s0","28","0.13"
"vit-adaptive-r1-results","control-1-900-s0","28","0.13"
"vit-adaptive-r1-results","base-1080-s0","28","0.13"
"vit-adaptive-r1-results","control-0-1080-s0","28","0.13"
"vit-adaptive-r1-results","control-2-1080-s0","28","0.13"
"vit-adaptive-r1-results","control-3-1080-s0","28","0.13"
"vit-adaptive-r1-results","control-1-1080-s0","28","0.13"
"vit-adaptive-r1-results","base-900-s1","28","0.13"
"vit-adaptive-r1-results","adaptive-900-s1","28","0.13"
"vit-adaptive-r1-results","base-900-s2","28","0.13"
"vit-adaptive-r1-results","adaptive-900-s2","28","0.13"
"vit-adaptive-r1-results","base-900-s3","28","0.13"
"vit-adaptive-r1-results","adaptive-900-s3","28","0.13"
"vit-adaptive-r1-results","base-900-s4","28","0.13"
"vit-adaptive-r1-results","adaptive-900-s4","28","0.13"
"vit-adaptive-r1-results","base-900-s5","28","0.13"
"vit-adaptive-r1-results","adaptive-900-s5","28","0.13"
"vit-adaptive-r1-results","base-900-s6","28","0.13"
"vit-adaptive-r1-results","adaptive-900-s6","28","0.13"
"vit-adaptive-r1-results","base-900-s7","28","0.13"
"vit-adaptive-r1-results","adaptive-900-s7","28","0.13"
"vit-adaptive-r1-results","timing-0-900-s0","4","0.02"
"vit-adaptive-r1-results","timing-1-900-s0","4","0.02"
"vit-adaptive-r1-results","timing-2-900-s0","4","0.02"
"vit-adaptive-r1-results","timing-3-900-s0","4","0.02"
"vit-adaptive-r1-results","timing-0-900-s1","4","0.02"
"vit-adaptive-r1-results","timing-1-900-s1","4","0.02"
"vit-adaptive-r1-results","timing-2-900-s1","4","0.02"
"vit-adaptive-r1-results","timing-3-900-s1","4","0.02"
"vit-adaptive-r1-results","timing-0-900-s5","4","0.02"
"vit-adaptive-r1-results","timing-1-900-s5","4","0.02"
"vit-adaptive-r1-results","timing-2-900-s5","4","0.02"
"vit-adaptive-r1-results","timing-3-900-s5","4","0.02"
"vit-adaptive-r1-results","timing-0-1080-s0","4","0.02"
"vit-adaptive-r1-results","timing-1-1080-s0","4","0.02"
"vit-adaptive-r1-results","timing-2-1080-s0","4","0.02"
"vit-adaptive-r1-results","timing-3-1080-s0","4","0.02"
"vit-adaptive-r1-results","timing-0-1080-s1","4","0.02"
"vit-adaptive-r1-results","timing-1-1080-s1","4","0.02"
"vit-adaptive-r1-results","timing-2-1080-s1","4","0.02"
"vit-adaptive-r1-results","timing-3-1080-s1","4","0.02"
"vit-adaptive-r1-results","timing-0-1080-s5","4","0.02"
"vit-adaptive-r1-results","timing-1-1080-s5","4","0.02"
"vit-adaptive-r1-results","timing-2-1080-s5","4","0.02"
"vit-adaptive-r1-results","timing-3-1080-s5","4","0.02"
"vit-adaptive-r2-sampled-results","base-900-s0","28","0.13"
"vit-adaptive-r2-sampled-results","control-0-900-s0","28","0.13"
"vit-adaptive-r2-sampled-results","control-2-900-s0","28","0.13"
"vit-adaptive-r2-sampled-results","control-3-900-s0","28","0.13"
"vit-adaptive-r2-sampled-results","control-1-900-s0","28","0.13"
"vit-adaptive-r2-sampled-results","base-1080-s0","28","0.13"
"vit-adaptive-r2-sampled-results","control-0-1080-s0","28","0.13"
"vit-adaptive-r2-sampled-results","control-2-1080-s0","28","0.13"
"vit-adaptive-r2-sampled-results","control-3-1080-s0","28","0.13"
"vit-adaptive-r2-sampled-results","control-1-1080-s0","28","0.13"
"vit-adaptive-r2-sampled-results","base-900-s1","28","0.13"
"vit-adaptive-r2-sampled-results","adaptive-900-s1","28","0.13"
"vit-adaptive-r2-sampled-results","base-900-s2","28","0.13"
"vit-adaptive-r2-sampled-results","adaptive-900-s2","28","0.13"
"vit-adaptive-r2-sampled-results","base-900-s3","28","0.13"
"vit-adaptive-r2-sampled-results","adaptive-900-s3","28","0.13"
"vit-adaptive-r2-sampled-results","base-900-s4","28","0.13"
"vit-adaptive-r2-sampled-results","adaptive-900-s4","28","0.13"
"vit-adaptive-r2-sampled-results","base-900-s5","28","0.13"
"vit-adaptive-r2-sampled-results","adaptive-900-s5","28","0.13"
"vit-adaptive-r2-sampled-results","base-900-s6","28","0.13"
"vit-adaptive-r2-sampled-results","adaptive-900-s6","28","0.13"
"vit-adaptive-r2-sampled-results","base-900-s7","28","0.13"
"vit-adaptive-r2-sampled-results","adaptive-900-s7","28","0.13"
"vit-adaptive-r2-box-results","base-900-s1","28","0.13"
"vit-adaptive-r2-box-results","adaptive-900-s1","28","0.13"
"vit-adaptive-r2-box-results","base-900-s6","28","0.13"
"vit-adaptive-r2-box-results","adaptive-900-s6","28","0.13"
"vit-adaptive-r2-coherent-results","base-900-s1","28","0.13"
"vit-adaptive-r2-coherent-results","adaptive-900-s1","28","0.13"
"vit-adaptive-r2-coherent-results","base-900-s6","28","0.13"
"vit-adaptive-r2-coherent-results","adaptive-900-s6","28","0.13"
"vit-adaptive-r2-g020-results","base-900-s0","28","0.13"
"vit-adaptive-r2-g020-results","control-0-900-s0","28","0.13"
"vit-adaptive-r2-g020-results","control-2-900-s0","28","0.13"
"vit-adaptive-r2-g020-results","control-3-900-s0","28","0.13"
"vit-adaptive-r2-g020-results","control-1-900-s0","28","0.13"
"vit-adaptive-r2-g020-results","base-1080-s0","28","0.13"
"vit-adaptive-r2-g020-results","control-0-1080-s0","28","0.13"
"vit-adaptive-r2-g020-results","control-2-1080-s0","28","0.13"
"vit-adaptive-r2-g020-results","control-3-1080-s0","28","0.13"
"vit-adaptive-r2-g020-results","control-1-1080-s0","28","0.13"
"vit-adaptive-r2-g020-results","base-900-s1","28","0.13"
"vit-adaptive-r2-g020-results","adaptive-900-s1","28","0.13"
"vit-adaptive-r2-g020-results","base-900-s2","28","0.13"
"vit-adaptive-r2-g020-results","adaptive-900-s2","28","0.13"
"vit-adaptive-r2-g020-results","base-900-s3","28","0.13"
"vit-adaptive-r2-g020-results","adaptive-900-s3","28","0.13"
"vit-adaptive-r2-g020-results","base-900-s4","28","0.13"
"vit-adaptive-r2-g020-results","adaptive-900-s4","28","0.13"
"vit-adaptive-r2-g020-results","base-900-s5","28","0.13"
"vit-adaptive-r2-g020-results","adaptive-900-s5","28","0.13"
"vit-adaptive-r2-g020-results","base-900-s6","28","0.13"
"vit-adaptive-r2-g020-results","adaptive-900-s6","28","0.13"
"vit-adaptive-r2-g020-results","base-900-s7","28","0.13"
"vit-adaptive-r2-g020-results","adaptive-900-s7","28","0.13"
"vit-adaptive-r2-temporal-2-results","base-900-s1","28","0.13"
"vit-adaptive-r2-temporal-2-results","adaptive-900-s1","28","0.13"
"vit-adaptive-r2-temporal-1-results","base-900-s1","28","0.13"
"vit-adaptive-r2-temporal-1-results","adaptive-900-s1","28","0.13"
"vit-adaptive-r2-temporal-g022-results","base-900-s1","28","0.13"
"vit-adaptive-r2-temporal-g022-results","adaptive-900-s1","28","0.13"
"vit-adaptive-r2-results","base-900-s1","28","0.13"
"vit-adaptive-r2-results","adaptive-900-s1","28","0.13"
"vit-adaptive-r2-results","base-900-s2","28","0.13"
"vit-adaptive-r2-results","adaptive-900-s2","28","0.13"
"vit-adaptive-r2-results","base-900-s3","28","0.13"
"vit-adaptive-r2-results","adaptive-900-s3","28","0.13"
"vit-adaptive-r2-results","base-900-s4","28","0.13"
"vit-adaptive-r2-results","adaptive-900-s4","28","0.13"
"vit-adaptive-r2-results","base-900-s5","28","0.13"
"vit-adaptive-r2-results","adaptive-900-s5","28","0.13"
"vit-adaptive-r2-results","base-900-s6","28","0.13"
"vit-adaptive-r2-results","adaptive-900-s6","28","0.13"
"vit-adaptive-r2-results","base-900-s7","28","0.13"
"vit-adaptive-r2-results","adaptive-900-s7","28","0.13"
"vit-adaptive-r2-results","timing-0-900-s0","4","0.02"
"vit-adaptive-r2-results","timing-1-900-s0","4","0.02"
"vit-adaptive-r2-results","timing-2-900-s0","4","0.02"
"vit-adaptive-r2-results","timing-3-900-s0","4","0.02"
"vit-adaptive-r2-results","timing-0-900-s1","4","0.02"
"vit-adaptive-r2-results","timing-1-900-s1","4","0.02"
"vit-adaptive-r2-results","timing-2-900-s1","4","0.02"
"vit-adaptive-r2-results","timing-3-900-s1","4","0.02"
"vit-adaptive-r2-results","timing-0-900-s5","4","0.02"
"vit-adaptive-r2-results","timing-1-900-s5","4","0.02"
"vit-adaptive-r2-results","timing-2-900-s5","4","0.02"
"vit-adaptive-r2-results","timing-3-900-s5","4","0.02"
"vit-adaptive-r2-results","timing-0-1080-s0","4","0.02"
"vit-adaptive-r2-results","timing-1-1080-s0","4","0.02"
"vit-adaptive-r2-results","timing-2-1080-s0","4","0.02"
"vit-adaptive-r2-results","timing-3-1080-s0","4","0.02"
"vit-adaptive-r2-results","timing-0-1080-s1","4","0.02"
"vit-adaptive-r2-results","timing-1-1080-s1","4","0.02"
"vit-adaptive-r2-results","timing-2-1080-s1","4","0.02"
"vit-adaptive-r2-results","timing-3-1080-s1","4","0.02"
"vit-adaptive-r2-results","timing-0-1080-s5","4","0.02"
"vit-adaptive-r2-results","timing-1-1080-s5","4","0.02"
"vit-adaptive-r2-results","timing-2-1080-s5","4","0.02"
"vit-adaptive-r2-results","timing-3-1080-s5","4","0.02"
"vit-adaptive-r2-history-results","timing-0-900-s1","4","0.02"
"vit-adaptive-r2-history-results","timing-1-900-s1","4","0.02"
"vit-adaptive-r2-history-results","timing-2-900-s1","4","0.02"
"vit-adaptive-r2-history-results","timing-3-900-s1","4","0.02"
"vit-adaptive-r2-history-results","timing-0-1080-s1","4","0.02"
"vit-adaptive-r2-history-results","timing-1-1080-s1","4","0.02"
"vit-adaptive-r2-history-results","timing-2-1080-s1","4","0.02"
"vit-adaptive-r2-history-results","timing-3-1080-s1","4","0.02"
"vit-adaptive-r3-control-results","base-900-s0","28","0.13"
"vit-adaptive-r3-control-results","control-0-900-s0","28","0.13"
"vit-adaptive-r3-control-results","control-2-900-s0","28","0.13"
"vit-adaptive-r3-control-results","control-3-900-s0","28","0.13"
"vit-adaptive-r3-control-results","control-1-900-s0","28","0.13"
"vit-adaptive-r3-control-results","base-1080-s0","28","0.13"
"vit-adaptive-r3-control-results","control-0-1080-s0","28","0.13"
"vit-adaptive-r3-control-results","control-2-1080-s0","28","0.13"
"vit-adaptive-r3-control-results","control-3-1080-s0","28","0.13"
"vit-adaptive-r3-control-results","control-1-1080-s0","28","0.13"
"vit-adaptive-r3-quality-results","base-900-s1","28","0.13"
"vit-adaptive-r3-quality-results","adaptive-900-s1","28","0.13"
"vit-adaptive-r3-quality-results","base-900-s2","28","0.13"
"vit-adaptive-r3-quality-results","adaptive-900-s2","28","0.13"
"vit-adaptive-r3-quality-results","base-900-s3","28","0.13"
"vit-adaptive-r3-quality-results","adaptive-900-s3","28","0.13"
"vit-adaptive-r3-quality-results","base-900-s4","28","0.13"
"vit-adaptive-r3-quality-results","adaptive-900-s4","28","0.13"
"vit-adaptive-r3-quality-results","base-900-s5","28","0.13"
"vit-adaptive-r3-quality-results","adaptive-900-s5","28","0.13"
"vit-adaptive-r3-quality-results","base-900-s6","28","0.13"
"vit-adaptive-r3-quality-results","adaptive-900-s6","28","0.13"
"vit-adaptive-r3-quality-results","base-900-s7","28","0.13"
"vit-adaptive-r3-quality-results","adaptive-900-s7","28","0.13"
"vit-adaptive-r3-compare-h0-results","timing-0-900-s0","4","0.02"
"vit-adaptive-r3-compare-h0-results","timing-1-900-s0","4","0.02"
"vit-adaptive-r3-compare-h0-results","timing-2-900-s0","4","0.02"
"vit-adaptive-r3-compare-h0-results","timing-3-900-s0","4","0.02"
"vit-adaptive-r3-compare-h0-results","timing-0-1080-s0","4","0.02"
"vit-adaptive-r3-compare-h0-results","timing-1-1080-s0","4","0.02"
"vit-adaptive-r3-compare-h0-results","timing-2-1080-s0","4","0.02"
"vit-adaptive-r3-compare-h0-results","timing-3-1080-s0","4","0.02"
"vit-adaptive-r3-compare-h1-results","timing-0-900-s1","4","0.02"
"vit-adaptive-r3-compare-h1-results","timing-1-900-s1","4","0.02"
"vit-adaptive-r3-compare-h1-results","timing-2-900-s1","4","0.02"
"vit-adaptive-r3-compare-h1-results","timing-3-900-s1","4","0.02"
"vit-adaptive-r3-compare-h1-results","timing-0-1080-s1","4","0.02"
"vit-adaptive-r3-compare-h1-results","timing-1-1080-s1","4","0.02"
"vit-adaptive-r3-compare-h1-results","timing-2-1080-s1","4","0.02"
"vit-adaptive-r3-compare-h1-results","timing-3-1080-s1","4","0.02"
"vit-adaptive-r3-timing-h0-results","timing-0-900-s0","4","0.02"
"vit-adaptive-r3-timing-h0-results","timing-1-900-s0","4","0.02"
"vit-adaptive-r3-timing-h0-results","timing-2-900-s0","4","0.02"
"vit-adaptive-r3-timing-h0-results","timing-3-900-s0","4","0.02"
"vit-adaptive-r3-timing-h0-results","timing-0-1080-s0","4","0.02"
"vit-adaptive-r3-timing-h0-results","timing-1-1080-s0","4","0.02"
"vit-adaptive-r3-timing-h0-results","timing-2-1080-s0","4","0.02"
"vit-adaptive-r3-timing-h0-results","timing-3-1080-s0","4","0.02"
"vit-adaptive-r3-timing-h1-results","timing-0-900-s1","4","0.02"
"vit-adaptive-r3-timing-h1-results","timing-1-900-s1","4","0.02"
"vit-adaptive-r3-timing-h1-results","timing-2-900-s1","4","0.02"
"vit-adaptive-r3-timing-h1-results","timing-3-900-s1","4","0.02"
"vit-adaptive-r3-timing-h1-results","timing-0-1080-s1","4","0.02"
"vit-adaptive-r3-timing-h1-results","timing-1-1080-s1","4","0.02"
"vit-adaptive-r3-timing-h1-results","timing-2-1080-s1","4","0.02"
"vit-adaptive-r3-timing-h1-results","timing-3-1080-s1","4","0.02"
"vit-adaptive-r3-compare-repeat-results","timing-0-900-s1","4","0.02"
"vit-adaptive-r3-compare-repeat-results","timing-1-900-s1","4","0.02"
"vit-adaptive-r3-compare-repeat-results","timing-2-900-s1","4","0.02"
"vit-adaptive-r3-compare-repeat-results","timing-3-900-s1","4","0.02"
"vit-adaptive-r3-compare-repeat-results","timing-0-1080-s1","4","0.02"
"vit-adaptive-r3-compare-repeat-results","timing-1-1080-s1","4","0.02"
"vit-adaptive-r3-compare-repeat-results","timing-2-1080-s1","4","0.02"
"vit-adaptive-r3-compare-repeat-results","timing-3-1080-s1","4","0.02"
"vit-adaptive-r3-temporal-2-results","base-900-s1","28","0.13"
"vit-adaptive-r3-temporal-2-results","adaptive-900-s1","28","0.13"
"vit-adaptive-r3-temporal-1-results","base-900-s1","28","0.13"
"vit-adaptive-r3-temporal-1-results","adaptive-900-s1","28","0.13"
"vit-adaptive-image-schedule-1-smoke-results","base-900-s0","28","0.13"
"vit-adaptive-image-schedule-1-smoke-results","adaptive-900-s0","28","0.13"
"vit-adaptive-image-schedule-1-smoke-results","base-900-s1","28","0.13"
"vit-adaptive-image-schedule-1-smoke-results","adaptive-900-s1","28","0.13"
"vit-adaptive-image-schedule-1-smoke-results","base-900-s6","28","0.13"
"vit-adaptive-image-schedule-1-smoke-results","adaptive-900-s6","28","0.13"
"vit-adaptive-image-schedule-2-smoke-results","base-900-s0","28","0.13"
"vit-adaptive-image-schedule-2-smoke-results","adaptive-900-s0","28","0.13"
"vit-adaptive-image-schedule-2-smoke-results","base-900-s1","28","0.13"
"vit-adaptive-image-schedule-2-smoke-results","adaptive-900-s1","28","0.13"
"vit-adaptive-image-schedule-2-smoke-results","base-900-s6","28","0.13"
"vit-adaptive-image-schedule-2-smoke-results","adaptive-900-s6","28","0.13"
"vit-adaptive-image-schedule-1-timing-results","timing-0-900-s1","4","0.02"
"vit-adaptive-image-schedule-1-timing-results","timing-1-900-s1","4","0.02"
"vit-adaptive-image-schedule-1-timing-results","timing-2-900-s1","4","0.02"
"vit-adaptive-image-schedule-1-timing-results","timing-3-900-s1","4","0.02"
"vit-adaptive-image-schedule-1-timing-results","timing-0-1080-s1","4","0.02"
"vit-adaptive-image-schedule-1-timing-results","timing-1-1080-s1","4","0.02"
"vit-adaptive-image-schedule-1-timing-results","timing-2-1080-s1","4","0.02"
"vit-adaptive-image-schedule-1-timing-results","timing-3-1080-s1","4","0.02"
"vit-adaptive-image-schedule-2-timing-results","timing-0-900-s1","4","0.02"
"vit-adaptive-image-schedule-2-timing-results","timing-1-900-s1","4","0.02"
"vit-adaptive-image-schedule-2-timing-results","timing-2-900-s1","4","0.02"
"vit-adaptive-image-schedule-2-timing-results","timing-3-900-s1","4","0.02"
"vit-adaptive-image-schedule-2-timing-results","timing-0-1080-s1","4","0.02"
"vit-adaptive-image-schedule-2-timing-results","timing-1-1080-s1","4","0.02"
"vit-adaptive-image-schedule-2-timing-results","timing-2-1080-s1","4","0.02"
"vit-adaptive-image-schedule-2-timing-results","timing-3-1080-s1","4","0.02"
"c32-sparse-results","old","4","0.02"
"c32-sparse-results","disabled","4","0.02"
"c32-sparse-results","dense-pruned","4","0.02"
"c32-sparse-results","sparse","4","0.02"
"c32-sparse-results","time-a0","4","0.02"
"c32-sparse-results","time-b0","4","0.02"
"c32-sparse-results","time-b1","4","0.02"
"c32-sparse-results","time-a1","4","0.02"
"c32-contract-results","old","4","0.02"
"c32-contract-results","dense-pruned","4","0.02"
"c32-contract-results","sparse","4","0.02"
"c32-contract-results","time-a0","4","0.02"
"c32-contract-results","time-b0","4","0.02"
"c32-contract-results","time-b1","4","0.02"
"c32-contract-results","time-a1","4","0.02"
"c32-contract-shuffle-results","time-a0","4","0.02"
"c32-contract-shuffle-results","time-b0","4","0.02"
"c32-contract-shuffle-results","time-b1","4","0.02"
"c32-contract-shuffle-results","time-a1","4","0.02"
"main-reuse-results","900-0-0-r3","28","0.13"
"main-reuse-results","900-0-0-main","28","0.13"
"main-reuse-results","900-0-1-r3","28","0.13"
"main-reuse-results","900-0-1-main","28","0.13"
"main-reuse-results","900-1-0-r3","28","0.13"
"main-reuse-results","900-1-0-main","28","0.13"
"main-reuse-results","900-1-1-r3","28","0.13"
"main-reuse-results","900-1-1-main","28","0.13"
"main-reuse-results","900-6-0-r3","28","0.13"
"main-reuse-results","900-6-0-main","28","0.13"
"main-reuse-results","900-6-1-r3","28","0.13"
"main-reuse-results","900-6-1-main","28","0.13"
"main-reuse-results","1080-0-0-r3","28","0.13"
"main-reuse-results","1080-0-0-main","28","0.13"
"main-reuse-results","1080-0-1-r3","28","0.13"
"main-reuse-results","1080-0-1-main","28","0.13"
"main-reuse-results","1080-1-0-r3","28","0.13"
"main-reuse-results","1080-1-0-main","28","0.13"
"main-reuse-results","1080-1-1-r3","28","0.13"
"main-reuse-results","1080-1-1-main","28","0.13"
"main-reuse-results","1080-6-0-r3","28","0.13"
"main-reuse-results","1080-6-0-main","28","0.13"
"main-reuse-results","1080-6-1-r3","28","0.13"
"main-reuse-results","1080-6-1-main","28","0.13"
"c32-single-pack-results","base-900-0","28","0.13"
"c32-single-pack-results","candidate-900-0","28","0.13"
"c32-single-pack-results","base-900-1","28","0.13"
"c32-single-pack-results","candidate-900-1","28","0.13"
"c32-single-pack-results","time-900-0","4","0.02"
"c32-single-pack-results","time-900-1","4","0.02"
"c32-single-pack-results","time-900-2","4","0.02"
"c32-single-pack-results","time-900-3","4","0.02"
"c32-single-pack-results","base-1080-0","28","0.13"
"c32-single-pack-results","candidate-1080-0","28","0.13"
"c32-single-pack-results","base-1080-1","28","0.13"
"c32-single-pack-results","candidate-1080-1","28","0.13"
"c32-single-pack-results","time-1080-0","4","0.02"
"c32-single-pack-results","time-1080-1","4","0.02"
"c32-single-pack-results","time-1080-2","4","0.02"
"c32-single-pack-results","time-1080-3","4","0.02"
"post-head-shared-input-results","base-900-0","28","0.13"
"post-head-shared-input-results","candidate-900-0","28","0.13"
"post-head-shared-input-results","base-900-1","28","0.13"
"post-head-shared-input-results","candidate-900-1","28","0.13"
"post-head-shared-input-results","time-900-0","4","0.02"
"post-head-shared-input-results","time-900-1","4","0.02"
"post-head-shared-input-results","time-900-2","4","0.02"
"post-head-shared-input-results","time-900-3","4","0.02"
"post-head-shared-input-results","base-1080-0","28","0.13"
"post-head-shared-input-results","candidate-1080-0","28","0.13"
"post-head-shared-input-results","base-1080-1","28","0.13"
"post-head-shared-input-results","candidate-1080-1","28","0.13"
"post-head-shared-input-results","time-1080-0","4","0.02"
"post-head-shared-input-results","time-1080-1","4","0.02"
"post-head-shared-input-results","time-1080-2","4","0.02"
"post-head-shared-input-results","time-1080-3","4","0.02"
"post-head-shared-input-results","repeat-900-0","4","0.02"
"post-head-shared-input-results","repeat-900-1","4","0.02"
"post-head-shared-input-results","repeat-900-2","4","0.02"
"post-head-shared-input-results","repeat-900-3","4","0.02"
"post-head-shared-input-results","repeat-1080-0","4","0.02"
"post-head-shared-input-results","repeat-1080-1","4","0.02"
"post-head-shared-input-results","repeat-1080-2","4","0.02"
"post-head-shared-input-results","repeat-1080-3","4","0.02"
"c128-qkv-input-reuse-results","base-900-0","28","0.13"
"c128-qkv-input-reuse-results","candidate-900-0","28","0.13"
"c128-qkv-input-reuse-results","base-900-1","28","0.13"
"c128-qkv-input-reuse-results","candidate-900-1","28","0.13"
"c128-qkv-input-reuse-results","time-900-0","4","0.02"
"c128-qkv-input-reuse-results","time-900-1","4","0.02"
"c128-qkv-input-reuse-results","time-900-2","4","0.02"
"c128-qkv-input-reuse-results","time-900-3","4","0.02"
"c128-qkv-input-reuse-results","base-1080-0","28","0.13"
"c128-qkv-input-reuse-results","candidate-1080-0","28","0.13"
"c128-qkv-input-reuse-results","base-1080-1","28","0.13"
"c128-qkv-input-reuse-results","candidate-1080-1","28","0.13"
"c128-qkv-input-reuse-results","time-1080-0","4","0.02"
"c128-qkv-input-reuse-results","time-1080-1","4","0.02"
"c128-qkv-input-reuse-results","time-1080-2","4","0.02"
"c128-qkv-input-reuse-results","time-1080-3","4","0.02"
"ffn-stage-cost-results","expand-900-0","4","0.02"
"ffn-stage-cost-results","expand-900-1","4","0.02"
"ffn-stage-cost-results","expand-900-2","4","0.02"
"ffn-stage-cost-results","expand-900-3","4","0.02"
"ffn-stage-cost-results","contract-900-0","4","0.02"
"ffn-stage-cost-results","contract-900-1","4","0.02"
"ffn-stage-cost-results","contract-900-2","4","0.02"
"ffn-stage-cost-results","contract-900-3","4","0.02"
"ffn-stage-cost-results","project-900-0","4","0.02"
"ffn-stage-cost-results","project-900-1","4","0.02"
"ffn-stage-cost-results","project-900-2","4","0.02"
"ffn-stage-cost-results","project-900-3","4","0.02"
"ffn-stage-cost-results","qkv-900-0","4","0.02"
"ffn-stage-cost-results","qkv-900-1","4","0.02"
"ffn-stage-cost-results","qkv-900-2","4","0.02"
"ffn-stage-cost-results","qkv-900-3","4","0.02"
"c128-contract-buffer-results","base-900-0","28","0.13"
"c128-contract-buffer-results","candidate-900-0","28","0.13"
"c128-contract-buffer-results","base-900-1","28","0.13"
"c128-contract-buffer-results","candidate-900-1","28","0.13"
"c128-contract-buffer-results","time-900-0","4","0.02"
"c128-contract-buffer-results","time-900-1","4","0.02"
"c128-contract-buffer-results","time-900-2","4","0.02"
"c128-contract-buffer-results","time-900-3","4","0.02"
"c128-contract-buffer-results","base-1080-0","28","0.13"
"c128-contract-buffer-results","candidate-1080-0","28","0.13"
"c128-contract-buffer-results","base-1080-1","28","0.13"
"c128-contract-buffer-results","candidate-1080-1","28","0.13"
"c128-contract-buffer-results","time-1080-0","4","0.02"
"c128-contract-buffer-results","time-1080-1","4","0.02"
"c128-contract-buffer-results","time-1080-2","4","0.02"
"c128-contract-buffer-results","time-1080-3","4","0.02"
"ffn-expand-prefetch-results","base-900-0","28","0.13"
"ffn-expand-prefetch-results","candidate-900-0","28","0.13"
"ffn-expand-prefetch-results","base-900-1","28","0.13"
"ffn-expand-prefetch-results","candidate-900-1","28","0.13"
"ffn-expand-prefetch-results","time-900-0","4","0.02"
"ffn-expand-prefetch-results","time-900-1","4","0.02"
"ffn-expand-prefetch-results","time-900-2","4","0.02"
"ffn-expand-prefetch-results","time-900-3","4","0.02"
"ffn-expand-prefetch-results","base-1080-0","28","0.13"
"ffn-expand-prefetch-results","candidate-1080-0","28","0.13"
"ffn-expand-prefetch-results","base-1080-1","28","0.13"
"ffn-expand-prefetch-results","candidate-1080-1","28","0.13"
"ffn-expand-prefetch-results","time-1080-0","4","0.02"
"ffn-expand-prefetch-results","time-1080-1","4","0.02"
"ffn-expand-prefetch-results","time-1080-2","4","0.02"
"ffn-expand-prefetch-results","time-1080-3","4","0.02"
"pipeline-gap-results","900-g0","4","0.02"
"pipeline-gap-results","900-g1","4","0.02"
"pipeline-gap-results","1080-g0","4","0.02"
"pipeline-gap-results","1080-g1","4","0.02"
"clock-observe-results","900","4","0.02"
"clock-observe-results","1080","4","0.02"
"c256-wide-load-results","base-900-0","28","0.13"
"c256-wide-load-results","candidate-900-0","28","0.13"
"c256-wide-load-results","base-900-1","28","0.13"
"c256-wide-load-results","candidate-900-1","28","0.13"
"c256-wide-load-results","time-900-0","4","0.02"
"c256-wide-load-results","time-900-1","4","0.02"
"c256-wide-load-results","time-900-2","4","0.02"
"c256-wide-load-results","time-900-3","4","0.02"
"c256-wide-load-results","base-1080-0","28","0.13"
"c256-wide-load-results","candidate-1080-0","28","0.13"
"c256-wide-load-results","base-1080-1","28","0.13"
"c256-wide-load-results","candidate-1080-1","28","0.13"
"c256-wide-load-results","time-1080-0","4","0.02"
"c256-wide-load-results","time-1080-1","4","0.02"
"c256-wide-load-results","time-1080-2","4","0.02"
"c256-wide-load-results","time-1080-3","4","0.02"
"c256-wide-load-results","repeat-900-0","4","0.02"
"c256-wide-load-results","repeat-900-1","4","0.02"
"c256-wide-load-results","repeat-900-2","4","0.02"
"c256-wide-load-results","repeat-900-3","4","0.02"
"c256-wide-load-results","repeat-1080-0","4","0.02"
"c256-wide-load-results","repeat-1080-1","4","0.02"
"c256-wide-load-results","repeat-1080-2","4","0.02"
"c256-wide-load-results","repeat-1080-3","4","0.02"
"kernel-bottleneck-results","c32-post","4","0.02"
"kernel-bottleneck-results","control","8","0.04"
"kernel-bottleneck-results","repeat-no-profile","4","0.02"
"c32-post-lds-results","base-900-0","28","0.13"
"c32-post-lds-results","candidate-900-0","28","0.13"
"c32-post-lds-results","base-900-1","28","0.13"
"c32-post-lds-results","candidate-900-1","28","0.13"
"c32-post-lds-results","time-900-0","4","0.02"
"c32-post-lds-results","time-900-1","4","0.02"
"c32-post-lds-results","time-900-2","4","0.02"
"c32-post-lds-results","time-900-3","4","0.02"
"c32-post-lds-results","base-1080-0","28","0.13"
"c32-post-lds-results","candidate-1080-0","28","0.13"
"c32-post-lds-results","base-1080-1","28","0.13"
"c32-post-lds-results","candidate-1080-1","28","0.13"
"c32-post-lds-results","time-1080-0","4","0.02"
"c32-post-lds-results","time-1080-1","4","0.02"
"c32-post-lds-results","time-1080-2","4","0.02"
"c32-post-lds-results","time-1080-3","4","0.02"
"c128-fused-row-reuse-results","base-900-0","28","0.13"
"c128-fused-row-reuse-results","candidate-900-0","28","0.13"
"c128-fused-row-reuse-results","base-900-1","28","0.13"
"c128-fused-row-reuse-results","candidate-900-1","28","0.13"
"c128-fused-row-reuse-results","time-900-0","4","0.02"
"c128-fused-row-reuse-results","time-900-1","4","0.02"
"c128-fused-row-reuse-results","time-900-2","4","0.02"
"c128-fused-row-reuse-results","time-900-3","4","0.02"
"c128-fused-row-reuse-results","base-1080-0","28","0.13"
"c128-fused-row-reuse-results","candidate-1080-0","28","0.13"
"c128-fused-row-reuse-results","base-1080-1","28","0.13"
"c128-fused-row-reuse-results","candidate-1080-1","28","0.13"
"c128-fused-row-reuse-results","time-1080-0","4","0.02"
"c128-fused-row-reuse-results","time-1080-1","4","0.02"
"c128-fused-row-reuse-results","time-1080-2","4","0.02"
"c128-fused-row-reuse-results","time-1080-3","4","0.02"
"c128-fused-row-reuse-results","repeat-900-0","4","0.02"
"c128-fused-row-reuse-results","repeat-900-1","4","0.02"
"c128-fused-row-reuse-results","repeat-900-2","4","0.02"
"c128-fused-row-reuse-results","repeat-900-3","4","0.02"
"c128-fused-row-reuse-results","repeat-1080-0","4","0.02"
"c128-fused-row-reuse-results","repeat-1080-1","4","0.02"
"c128-fused-row-reuse-results","repeat-1080-2","4","0.02"
"c128-fused-row-reuse-results","repeat-1080-3","4","0.02"
"c128-fused-row-reuse-results","extra-720-motion-False","28","0.13"
"c128-fused-row-reuse-results","extra-720-motion-True","28","0.13"
"c128-fused-row-reuse-results","diag-oldhost-newmodule","28","0.13"
"c128-fused-row-reuse-results","diag-newhost-oldkernel","28","0.13"
"c128-fused-row-reuse-results","diag-newhost-newkernel","28","0.13"
"c128-fused-row-reuse-results","extra-900-history-False","28","0.13"
"c128-fused-row-reuse-results","extra-900-history-True","28","0.13"
"c128-fused-row-reuse-results","extra-900-float-in-False","28","0.13"
"c128-fused-row-reuse-results","extra-900-float-in-True","28","0.13"
"c128-fused-row-reuse-results","extra-900-float-feature-False","28","0.13"
"c128-fused-row-reuse-results","extra-900-float-feature-True","28","0.13"
"c128-all-phase-reuse-results","base-900-0","28","0.13"
"c128-all-phase-reuse-results","candidate-900-0","28","0.13"
"c128-all-phase-reuse-results","base-900-1","28","0.13"
"c128-all-phase-reuse-results","candidate-900-1","28","0.13"
"c128-all-phase-reuse-results","time-900-0","4","0.02"
"c128-all-phase-reuse-results","time-900-1","4","0.02"
"c128-all-phase-reuse-results","time-900-2","4","0.02"
"c128-all-phase-reuse-results","time-900-3","4","0.02"
"c128-all-phase-reuse-results","base-1080-0","28","0.13"
"c128-all-phase-reuse-results","candidate-1080-0","28","0.13"
"c128-all-phase-reuse-results","base-1080-1","28","0.13"
"c128-all-phase-reuse-results","candidate-1080-1","28","0.13"
"c128-all-phase-reuse-results","time-1080-0","4","0.02"
"c128-all-phase-reuse-results","time-1080-1","4","0.02"
"c128-all-phase-reuse-results","time-1080-2","4","0.02"
"c128-all-phase-reuse-results","time-1080-3","4","0.02"
"c128-all-phase-reuse-results","extra-720-motion-False","28","0.13"
"c128-all-phase-reuse-results","extra-720-motion-True","28","0.13"
"c128-all-phase-reuse-results","extra-900-history-False","28","0.13"
"c128-all-phase-reuse-results","extra-900-history-True","28","0.13"
"c128-all-phase-reuse-results","extra-900-float-in-False","28","0.13"
"c128-all-phase-reuse-results","extra-900-float-in-True","28","0.13"
"c128-all-phase-reuse-results","extra-900-float-feature-False","28","0.13"
"c128-all-phase-reuse-results","extra-900-float-feature-True","28","0.13"
"c128-all-phase-reuse-results","repeat-900-0","4","0.02"
"c128-all-phase-reuse-results","repeat-900-1","4","0.02"
"c128-all-phase-reuse-results","repeat-900-2","4","0.02"
"c128-all-phase-reuse-results","repeat-900-3","4","0.02"
"c128-all-phase-reuse-results","repeat-1080-0","4","0.02"
"c128-all-phase-reuse-results","repeat-1080-1","4","0.02"
"c128-all-phase-reuse-results","repeat-1080-2","4","0.02"
"c128-all-phase-reuse-results","repeat-1080-3","4","0.02"
"c128-empty-tile-results","base-900-0","28","0.13"
"c128-empty-tile-results","candidate-900-0","28","0.13"
"c128-empty-tile-results","base-900-1","28","0.13"
"c128-empty-tile-results","candidate-900-1","28","0.13"
"c128-empty-tile-results","time-900-0","4","0.02"
"c128-empty-tile-results","time-900-1","4","0.02"
"c128-empty-tile-results","time-900-2","4","0.02"
"c128-empty-tile-results","time-900-3","4","0.02"
"c128-empty-tile-results","base-1080-0","28","0.13"
"c128-empty-tile-results","candidate-1080-0","28","0.13"
"c128-empty-tile-results","base-1080-1","28","0.13"
"c128-empty-tile-results","candidate-1080-1","28","0.13"
"c128-empty-tile-results","time-1080-0","4","0.02"
"c128-empty-tile-results","time-1080-1","4","0.02"
"c128-empty-tile-results","time-1080-2","4","0.02"
"c128-empty-tile-results","time-1080-3","4","0.02"
"c128-empty-tile-results","extra-720-motion-False","28","0.13"
"c128-empty-tile-results","extra-720-motion-True","28","0.13"
"c128-empty-tile-results","extra-900-history-False","28","0.13"
"c128-empty-tile-results","extra-900-history-True","28","0.13"
"c128-empty-tile-results","extra-900-float-in-False","28","0.13"
"c128-empty-tile-results","extra-900-float-in-True","28","0.13"
"c128-empty-tile-results","extra-900-float-feature-False","28","0.13"
"c128-empty-tile-results","extra-900-float-feature-True","28","0.13"
"c128-empty-vertical-results","base-900-0","28","0.13"
"c128-empty-vertical-results","candidate-900-0","28","0.13"
"c128-empty-vertical-results","base-900-1","28","0.13"
"c128-empty-vertical-results","candidate-900-1","28","0.13"
"c128-empty-vertical-results","time-900-0","4","0.02"
"c128-empty-vertical-results","time-900-1","4","0.02"
"c128-empty-vertical-results","time-900-2","4","0.02"
"c128-empty-vertical-results","time-900-3","4","0.02"
"c128-empty-vertical-results","base-1080-0","28","0.13"
"c128-empty-vertical-results","candidate-1080-0","28","0.13"
"c128-empty-vertical-results","base-1080-1","28","0.13"
"c128-empty-vertical-results","candidate-1080-1","28","0.13"
"c128-empty-vertical-results","time-1080-0","4","0.02"
"c128-empty-vertical-results","time-1080-1","4","0.02"
"c128-empty-vertical-results","time-1080-2","4","0.02"
"c128-empty-vertical-results","time-1080-3","4","0.02"
"c128-empty-vertical-results","extra-720-motion-False","28","0.13"
"c128-empty-vertical-results","extra-720-motion-True","28","0.13"
"c128-empty-vertical-results","extra-900-history-False","28","0.13"
"c128-empty-vertical-results","extra-900-history-True","28","0.13"
"c128-empty-vertical-results","extra-900-float-in-False","28","0.13"
"c128-empty-vertical-results","extra-900-float-in-True","28","0.13"
"c128-empty-vertical-results","extra-900-float-feature-False","28","0.13"
"c128-empty-vertical-results","extra-900-float-feature-True","28","0.13"
"mh-empty-c64-results","base-900-0","28","0.13"
"mh-empty-c64-results","candidate-900-0","28","0.13"
"mh-empty-c64-results","base-900-1","28","0.13"
"mh-empty-c64-results","candidate-900-1","28","0.13"
"mh-empty-c64-results","time-900-0","4","0.02"
"mh-empty-c64-results","time-900-1","4","0.02"
"mh-empty-c64-results","time-900-2","4","0.02"
"mh-empty-c64-results","time-900-3","4","0.02"
"mh-empty-c64-results","base-1080-0","28","0.13"
"mh-empty-c64-results","candidate-1080-0","28","0.13"
"mh-empty-c64-results","base-1080-1","28","0.13"
"mh-empty-c64-results","candidate-1080-1","28","0.13"
"mh-empty-c64-results","time-1080-0","4","0.02"
"mh-empty-c64-results","time-1080-1","4","0.02"
"mh-empty-c64-results","time-1080-2","4","0.02"
"mh-empty-c64-results","time-1080-3","4","0.02"
"mh-empty-c64-results","repeat-1080-0","4","0.02"
"mh-empty-c64-results","repeat-1080-1","4","0.02"
"mh-empty-c64-results","repeat-1080-2","4","0.02"
"mh-empty-c64-results","repeat-1080-3","4","0.02"
"mh-empty-c256-results","base-900-0","28","0.13"
"mh-empty-c256-results","candidate-900-0","28","0.13"
"mh-empty-c256-results","base-900-1","28","0.13"
"mh-empty-c256-results","candidate-900-1","28","0.13"
"mh-empty-c256-results","time-900-0","4","0.02"
"mh-empty-c256-results","time-900-1","4","0.02"
"mh-empty-c256-results","time-900-2","4","0.02"
"mh-empty-c256-results","time-900-3","4","0.02"
"mh-empty-c256-results","base-1080-0","28","0.13"
"mh-empty-c256-results","candidate-1080-0","28","0.13"
"mh-empty-c256-results","base-1080-1","28","0.13"
"mh-empty-c256-results","candidate-1080-1","28","0.13"
"mh-empty-c256-results","time-1080-0","4","0.02"
"mh-empty-c256-results","time-1080-1","4","0.02"
"mh-empty-c256-results","time-1080-2","4","0.02"
"mh-empty-c256-results","time-1080-3","4","0.02"
"mh-empty-c256-results","repeat-900-0","4","0.02"
"mh-empty-c256-results","repeat-900-1","4","0.02"
"mh-empty-c256-results","repeat-900-2","4","0.02"
"mh-empty-c256-results","repeat-900-3","4","0.02"
"mh-empty-c256-results","repeat-1080-0","4","0.02"
"mh-empty-c256-results","repeat-1080-1","4","0.02"
"mh-empty-c256-results","repeat-1080-2","4","0.02"
"mh-empty-c256-results","repeat-1080-3","4","0.02"
"mh-empty-c256-results","extra-720-motion-False","28","0.13"
"mh-empty-c256-results","extra-720-motion-True","28","0.13"
"mh-empty-c256-results","extra-900-history-False","28","0.13"
"mh-empty-c256-results","extra-900-history-True","28","0.13"
"mh-empty-c256-results","extra-900-float-in-False","28","0.13"
"mh-empty-c256-results","extra-900-float-in-True","28","0.13"
"mh-empty-c256-results","extra-900-float-feature-False","28","0.13"
"mh-empty-c256-results","extra-900-float-feature-True","28","0.13"
"network-timeline","900","4","0.02"
"network-timeline","1080","4","0.02"
"network-fixed-shapes","regression","480","2.29"
"network-fixed-shapes","regression-fence","480","2.29"
"network-fixed-shapes","regression-prod2","480","2.29"
"network-fixed-shapes","regression-prod3","480","2.29"
"network-fixed-shapes","regression-prod4","480","2.29"
"network-fixed-shapes","regression-prod5","480","2.29"
"network-fixed-shapes","regression-prod6","480","2.29"
"network-fixed-shapes","regression-prod6b","256","1.22"
"network-fixed-shapes","regression-prod7","480","2.29"
"network-fixed-shapes","regression-prod8","256","1.22"
"clock-ledger","900-base","4","0.02"
"clock-ledger","900-c32x8","4","0.02"
"clock-ledger","900-c64-256x8","4","0.02"
"clock-ledger","900-attnx8","4","0.02"
"clock-ledger","900-c512x8","4","0.02"
"clock-ledger","900-vitx8","4","0.02"
"clock-ledger","900-base2","4","0.02"
"clock-ledger","1080-base","4","0.02"
"clock-ledger","1080-c32x8","4","0.02"
"clock-ledger","1080-c64-256x8","4","0.02"
"clock-ledger","1080-attnx8","4","0.02"
"clock-ledger","1080-c512x8","4","0.02"
"clock-ledger","1080-vitx8","4","0.02"
"clock-ledger","1080-base2","4","0.02"
"clock-ledger-ffn","1080-mh5","4","0.02"
"clock-ledger-ffn","1080-pair1","4","0.02"
"clock-ledger-ffn","1080-pair2","4","0.02"
"clock-ledger-ffn","1080-pair3","4","0.02"
"clock-ledger-ffn","1080-mh5b","4","0.02"
"clock-ledger-ffn","r2-1080-p6","4","0.02"
"clock-ledger-ffn","r2-1080-mh5","4","0.02"
"clock-ledger-ffn","r2-1080-pair4","4","0.02"
"clock-ledger-ffn","r2-1080-pair5","4","0.02"
"clock-ledger-ffn","r2-1080-pair6","4","0.02"
"clock-ledger-ffn","r2-1080-p6b","4","0.02"
"clock-ledger-ffn","r2-1080-mh5b","4","0.02"
"clock-ledger-ffn","r3-1080-p6","4","0.02"
"clock-ledger-ffn","r3-1080-ls","4","0.02"
"clock-ledger-ffn","r3-1080-p6b","4","0.02"
"clock-ledger-ffn","r3-1080-lsb","4","0.02"
"c32-diag-zero","regression","448","2.14"
"wave-owned-combined","runtime-regression","368","1.76"
"wave-owned-production","runtime-regression","480","2.29"
"c512-m32-production","runtime-regression","452","2.16"
"c512-m32-production","flaky","112","0.54"
"c512-m32-production","flaky2-pdl1","336","1.61"
"pdl-race","smoke","84","0.4"
"pdl-race","rep900","28","0.13"
"pdl-race","contend-smoke","32","0.15"
"pdl-race","contend900","32","0.15"
"pdl-race","seq900","56","0.27"
"pdl-race","rep1080","28","0.13"
"pdl-race","abba","4","0.02"
"vit-proj-n64-production","runtime-regression","480","2.29"
"c32-vec-production","runtime-regression","424","2.03"
"vram-leak-regression","runtime-regression","224","1.07"
"fp8-sat-mode","runtime-regression","424","2.03"
"c64-block-fused","runtime-regression","424","2.03"
"pack8","runtime-regression-CW","424","2.03"
"pack8","runtime-regression-DF","424","2.03"
"pack8","runtime-regression-ALL","424","2.03"
"pack8","runtime-regression-Z","424","2.03"
"pack8","runtime-regression-M","424","2.03"
"pack8","runtime-regression-O","424","2.03"
"pack8","runtime-regression-CNF","392","1.87"
"pack8","runtime-regression-C448","392","1.87"
"pack8","runtime-regression-C1","56","0.27"
"c64-hand-asm","runtime-regression-R","392","1.87"
"c64-hand-asm","runtime-regression-h1","424","2.03"
"c64-hand-asm","runtime-regression-Q","424","2.03"
"c32-aco","runtime-regression-B-correct","392","1.87"
"c32-aco","runtime-regression-B-r1","32","0.15"
"c32-aco","runtime-regression-B-r2","32","0.15"
"c32-aco","runtime-regression-C-correct","392","1.87"
"c32-aco","runtime-regression-C-r1","32","0.15"
"c32-aco","runtime-regression-C-r2","32","0.15"
"c32-aco","runtime-regression-D-correct","392","1.87"
"c32-aco","runtime-regression-D-r1","32","0.15"
"c32-aco","runtime-regression-D-r2","32","0.15"
"c32-aco","runtime-regression-E-correct","392","1.87"
"c32-aco","runtime-regression-E-r1","32","0.15"
"c32-aco","runtime-regression-E-r2","32","0.15"
"c32-round2","runtime-regression-CN-census","392","1.87"
"c32-round2","runtime-regression-B-correct","392","1.87"
"c32-round2","runtime-regression-B-r1","32","0.15"
"c32-round2","runtime-regression-B-r2","32","0.15"
"c32-round2","runtime-regression-C-correct","392","1.87"
"c32-round2","runtime-regression-C-r1","32","0.15"
"c32-round2","runtime-regression-C-r2","32","0.15"
"c32-round2","runtime-regression-D-correct","392","1.87"
"c32-round2","runtime-regression-D-r1","32","0.15"
"c32-round2","runtime-regression-D-r2","32","0.15"
"c32-round2","runtime-regression-M-correct","392","1.87"
"c32-round2","runtime-regression-M-r1","32","0.15"
"c32-round2","runtime-regression-M-r2","32","0.15"
"c32-round2","runtime-regression-E-correct","392","1.87"
"c32-round2","runtime-regression-E-r1","32","0.15"
"c32-round2","runtime-regression-E-r2","32","0.15"
"c32-round3","runtime-regression-P-correct","392","1.87"
"c32-round3","runtime-regression-P-r1","32","0.15"
"c32-round3","runtime-regression-P-r2","32","0.15"
"c32-round3","runtime-regression-Q-correct","392","1.87"
"c32-round3","runtime-regression-Q-r1","32","0.15"
"c32-round3","runtime-regression-Q-r2","32","0.15"
"c32-round3","runtime-regression-F-correct","392","1.87"
"c32-round3","runtime-regression-F-r1","32","0.15"
"c32-round3","runtime-regression-F-r2","32","0.15"
"vit-c512-aco","runtime-regression-V-correct","392","1.87"
"vit-c512-aco","runtime-regression-V-r1","32","0.15"
"vit-c512-aco","runtime-regression-V-r2","32","0.15"
"vit-c512-aco","runtime-regression-V-adaptive","392","1.87"
"vit-bytestream","runtime-regression-V1-correct","392","1.87"
"vit-bytestream","runtime-regression-V1-adaptive","392","1.87"
"vit-bytestream","runtime-regression-V1-r1","32","0.15"
"vit-bytestream","runtime-regression-V1-r2","32","0.15"
"vit-bytestream","runtime-regression-V2-correct","392","1.87"
"vit-bytestream","runtime-regression-V2-adaptive","392","1.87"
"vit-bytestream","runtime-regression-V2-r1","32","0.15"
"vit-bytestream","runtime-regression-V2-r2","32","0.15"
"vit-bytestream","runtime-regression-V3-correct","392","1.87"
"vit-bytestream","runtime-regression-V3-adaptive","392","1.87"
"vit-bytestream","runtime-regression-V3-r1","32","0.15"
"vit-bytestream","runtime-regression-V3-r2","32","0.15"
"vit-bytestream","runtime-regression-V4-correct","392","1.87"
"vit-bytestream","runtime-regression-V4-adaptive","392","1.87"
"vit-bytestream","runtime-regression-V4-r1","32","0.15"
"vit-bytestream","runtime-regression-V4-r2","32","0.15"
"vit-bytestream","runtime-regression-V3-ae-r1","32","0.15"
"vit-bytestream","runtime-regression-V3-ae-r2","32","0.15"
"c512-mix","runtime-regression-H-correct","392","1.87"
"c512-mix","runtime-regression-H-adaptive","392","1.87"
"c512-mix","runtime-regression-H-r1","32","0.15"
"c512-mix","runtime-regression-H-r2","32","0.15"
"mh-round1","runtime-regression-B-correct","392","1.87"
"mh-round1","runtime-regression-B-adaptive","392","1.87"
"mh-round1","runtime-regression-B-r1","32","0.15"
"mh-round1","runtime-regression-B-r2","32","0.15"
"mh-round1","runtime-regression-R-correct","392","1.87"
"mh-round1","runtime-regression-R-adaptive","392","1.87"
"mh-round1","runtime-regression-R-r1","32","0.15"
"mh-round1","runtime-regression-R-r2","32","0.15"
"mh-round1","runtime-regression-T-correct","392","1.87"
"mh-round1","runtime-regression-T-adaptive","392","1.87"
"mh-round1","runtime-regression-T-r1","32","0.15"
"mh-round1","runtime-regression-T-r2","32","0.15"
"mh-round1","runtime-regression-C-correct","392","1.87"
"mh-round1","runtime-regression-C-adaptive","392","1.87"
"mh-round1","runtime-regression-C-r1","32","0.15"
"mh-round1","runtime-regression-C-r2","32","0.15"
"mh-round1","runtime-regression-D-correct","392","1.87"
"mh-round1","runtime-regression-D-adaptive","392","1.87"
"mh-round1","runtime-regression-D-r1","32","0.15"
"mh-round1","runtime-regression-D-r2","32","0.15"
"mh-round1","runtime-regression-E-correct","392","1.87"
"mh-round1","runtime-regression-E-adaptive","392","1.87"
"mh-round1","runtime-regression-E-r1","32","0.15"
"mh-round1","runtime-regression-E-r2","32","0.15"
"tier900","runtime-regression-P-correct","392","1.87"
"tier900","runtime-regression-P-adaptive","392","1.87"
"tier900","runtime-regression-P-r1","32","0.15"
"tier900","runtime-regression-P-r2","32","0.15"
"tier900","runtime-regression-U-correct","392","1.87"
"tier900","runtime-regression-U-adaptive","392","1.87"
"tier900","runtime-regression-U-r1","32","0.15"
"tier900","runtime-regression-U-r2","32","0.15"
"c512-round1","runtime-regression-R-correct","392","1.87"
"c512-round1","runtime-regression-R-adaptive","392","1.87"
"c512-round1","rejected-R-r1-20260928-000348","12","0.06"
"c512-round1","runtime-regression-R-r1","32","0.15"
"c512-round1","runtime-regression-R-r2","32","0.15"
"c512-round1","runtime-regression-Q-correct","392","1.87"
"c512-round1","runtime-regression-Q-adaptive","392","1.87"
"c512-round1","runtime-regression-Q-r1","32","0.15"
"c512-round1","runtime-regression-Q-r2","32","0.15"
"c512-round1","runtime-regression-N-correct","392","1.87"
"c512-round1","runtime-regression-N-adaptive","392","1.87"
"c512-round1","runtime-regression-N-r1","32","0.15"
"c512-round1","runtime-regression-N-r2","32","0.15"
"c512-round1","runtime-regression-L-correct","392","1.87"
"c512-round1","runtime-regression-L-adaptive","392","1.87"
"c512-round1","runtime-regression-L-r1","32","0.15"
"c512-round1","runtime-regression-L-r2","32","0.15"
"mochizuki-022","runtime-regression-I-correct","392","1.87"
"mochizuki-022","runtime-regression-I-adaptive","392","1.87"
"mochizuki-022","runtime-regression-I-r1","32","0.15"
"mochizuki-022","runtime-regression-I-r2","32","0.15"
"mochizuki-022","runtime-regression-P-correct","392","1.87"
"mochizuki-022","runtime-regression-P-adaptive","392","1.87"
"mochizuki-022","runtime-regression-P-r1","32","0.15"
"mochizuki-022","runtime-regression-P-r2","32","0.15"
"mochizuki-022","runtime-regression-S-correct","392","1.87"
"mochizuki-022","runtime-regression-S-adaptive","392","1.87"
"mochizuki-022","runtime-regression-S-wrap","112","0.54"
"mochizuki-022","runtime-regression-S-r1","32","0.15"
"mochizuki-022","runtime-regression-S-r2","32","0.15"
"mochizuki-022","runtime-regression-V-correct","392","1.87"
"mochizuki-022","runtime-regression-V-adaptive","392","1.87"
"mochizuki-022","runtime-regression-V-wrap","112","0.54"
"mochizuki-022","runtime-regression-V-r1","32","0.15"
"mochizuki-022","runtime-regression-V-r2","32","0.15"
"mochizuki-022","runtime-regression-O-correct","392","1.87"
"mochizuki-022","runtime-regression-O-adaptive","392","1.87"
"mochizuki-022","runtime-regression-O-r1","32","0.15"
"mochizuki-022","runtime-regression-O-r2","32","0.15"
"mochizuki-022","runtime-regression-G-correct","392","1.87"
"mochizuki-022","runtime-regression-G-adaptive","392","1.87"
"mochizuki-022","runtime-regression-G-r1","32","0.15"
"mochizuki-022","runtime-regression-G-r2","32","0.15"
"mochizuki-022","rejected-F-before-keep","280","1.34"
"mochizuki-022","runtime-regression-F-correct","392","1.87"
"mochizuki-022","runtime-regression-F-adaptive","392","1.87"
"mochizuki-022","runtime-regression-F-wrap","112","0.54"
"mochizuki-022","runtime-regression-F-wrapae","112","0.54"
"mochizuki-022","runtime-regression-F-r1","32","0.15"
"mochizuki-022","runtime-regression-F-r2","32","0.15"
"mochizuki-022","runtime-regression-S-wrapae","112","0.54"
"mochizuki-022","runtime-regression-C-correct","392","1.87"
"mochizuki-022","runtime-regression-C-adaptive","392","1.87"
"mochizuki-022","runtime-regression-C-r1","32","0.15"
"mochizuki-022","runtime-regression-C-r2","32","0.15"
"mochizuki-022","runtime-regression-H-correct","392","1.87"
"mochizuki-022","runtime-regression-H-adaptive","392","1.87"
"mochizuki-022","runtime-regression-H-r1","32","0.15"
"mochizuki-022","runtime-regression-H-r2","32","0.15"
"aco-lineup","runtime-regression-M-correct","392","1.87"
"aco-lineup","runtime-regression-R-correct","392","1.87"
"aco-lineup","runtime-regression-R-adaptive","392","1.87"
"aco-lineup","runtime-regression-R-r1","32","0.15"
"aco-lineup","rejected-compile-overlap","32","0.15"
"aco-lineup","runtime-regression-C-correct","392","1.87"
"aco-lineup","runtime-regression-C-adaptive","392","1.87"
"aco-lineup","runtime-regression-R-r2","32","0.15"
"aco-lineup","runtime-regression-C-r1","32","0.15"
"aco-lineup","runtime-regression-C-r2","32","0.15"
"daniel-kernels","runtime-regression-P-correct","392","1.87"
"daniel-kernels","runtime-regression-P-adaptive","392","1.87"
"daniel-kernels","runtime-regression-Q-screen-correct","56","0.27"
"daniel-kernels","runtime-regression-R-screen-correct","56","0.27"
"daniel-kernels","runtime-regression-C-screen-correct","56","0.27"
"daniel-kernels","runtime-regression-Q-screen1","32","0.15"
"daniel-kernels","runtime-regression-R-screen1","32","0.15"
"daniel-kernels","runtime-regression-C-screen1","32","0.15"
"daniel-kernels","runtime-regression-Q-screen2","32","0.15"
"daniel-kernels","runtime-regression-R-screen2","32","0.15"
"daniel-kernels","runtime-regression-C-screen2","32","0.15"
"daniel-kernels","runtime-regression-P-r1-overlap-rejected","32","0.15"
"daniel-kernels","runtime-regression-P-r2-overlap-rejected","32","0.15"
"daniel-kernels","runtime-regression-P-direct-correct","112","0.54"
"daniel-kernels","runtime-regression-P-r1","32","0.15"
"daniel-kernels","runtime-regression-C-direct-r1","32","0.15"
"daniel-kernels","runtime-regression-P-r2","32","0.15"
"daniel-kernels","runtime-regression-C-direct-r2","32","0.15"
"c256-fusion","runtime-regression-O-screen","56","0.27"
"c256-fusion","runtime-regression-O-screen1","32","0.15"
"c256-fusion","runtime-regression-L-screen","56","0.27"
"c256-fusion","runtime-regression-L-screen1","32","0.15"
"c256-fusion","runtime-regression-B-screen","56","0.27"
"c256-fusion","runtime-regression-B-screen1","32","0.15"
"c256-fusion","runtime-regression-BL-screen","56","0.27"
"c256-fusion","runtime-regression-BL-screen1","32","0.15"
"c256-fusion","runtime-regression-F1-screen","56","0.27"
"c256-fusion","runtime-regression-F1-screen1","32","0.15"
"c256-fusion","runtime-regression-FL-screen","56","0.27"
"c256-fusion","runtime-regression-FL-screen1","32","0.15"
"c256-fusion","runtime-regression-B-exact","392","1.87"
"c256-fusion","runtime-regression-B-adaptive","392","1.87"
"c256-fusion","runtime-regression-B-long1","32","0.15"
"c256-fusion","runtime-regression-B-long2","32","0.15"
"c256-fusion","trace","4","0.02"
"c512-fusion","runtime-regression-F-gameflags","56","0.27"
"c512-fusion","runtime-regression-F-screen","56","0.27"
"c512-fusion","runtime-regression-F-screen1","32","0.15"
"c512-fusion","runtime-regression-F-exact","392","1.87"
"c512-fusion","runtime-regression-F-adaptive","392","1.87"
"c512-fusion","runtime-regression-D-screen","56","0.27"
"c512-fusion","runtime-regression-D-screen1","32","0.15"
"c512-fusion","runtime-regression-M-screen","56","0.27"
"c512-fusion","runtime-regression-M-screen1","32","0.15"
"c512-fusion","runtime-regression-MD-screen","56","0.27"
"c512-fusion","runtime-regression-MD-screen1","32","0.15"
"c512-fusion","runtime-regression-S64-screen","56","0.27"
"c512-fusion","runtime-regression-S64-screen1","32","0.15"
"c512-fusion","runtime-regression-S128-screen","56","0.27"
"c512-fusion","runtime-regression-S128-screen1","32","0.15"
"c512-fusion","runtime-regression-Sboth-screen","56","0.27"
"c512-fusion","runtime-regression-Sboth-screen1","32","0.15"
"c512-fusion","runtime-regression-W-screen","56","0.27"
"c512-fusion","runtime-regression-W-screen1","32","0.15"
"c512-fusion","runtime-regression-C-exact","392","1.87"
"c512-fusion","runtime-regression-C-adaptive","392","1.87"
"c512-fusion","runtime-regression-C-long1","32","0.15"
"c512-fusion","runtime-regression-C-long2","32","0.15"
"c512-fusion","trace-900","4","0.02"
"c512-fusion","trace-1080","4","0.02"
"c512-fusion","runtime-regression-C-gameflags","56","0.27"
"fusion-round3","runtime-regression-P-screen","56","0.27"
"fusion-round3","runtime-regression-P-screen1","32","0.15"
"fusion-round3","runtime-regression-G-screen","56","0.27"
"fusion-round3","runtime-regression-G-screen1","32","0.15"
"fusion-round3","runtime-regression-U-screen","56","0.27"
"fusion-round3","runtime-regression-U-screen1","32","0.15"
"fusion-round3","runtime-regression-T-screen","56","0.27"
"fusion-round3","runtime-regression-T-screen1","32","0.15"
"fusion-round3","runtime-regression-D-screen","56","0.27"
"fusion-round3","runtime-regression-D-screen1","32","0.15"
"fusion-round3","runtime-regression-U-screen2","32","0.15"
"fusion-round3","runtime-regression-T-screen2","32","0.15"
"fusion-round3","probe035","4","0.02"
"fusion-round3","runtime-regression-Q-screen","56","0.27"
"fusion-round3","runtime-regression-Q-screen1","32","0.15"
"fusion-round3","runtime-regression-R-screen","56","0.27"
"fusion-round3","runtime-regression-R-screen1","32","0.15"
"fusion-round3","runtime-regression-U2-screen","56","0.27"
"fusion-round3","runtime-regression-U2-screen1","32","0.15"
"fusion-round3","runtime-regression-U2-screen2","32","0.15"
"fusion-round3","runtime-regression-C-exact","392","1.87"
"fusion-round3","runtime-regression-C-adaptive","392","1.87"
"fusion-round3","runtime-regression-C-long1","32","0.15"
"fusion-round3","runtime-regression-C-long2","32","0.15"
"fusion-round3","runtime-regression-C-cumulative1","32","0.15"
"fusion-round3","runtime-regression-C-cumulative2","32","0.15"
"fusion-round3","trace-900","4","0.02"
"fusion-round3","trace-1080","4","0.02"
"fusion-round3","runtime-regression-C-gameflags","56","0.27"
"deep-layers","runtime-regression-C-screen","56","0.27"
"deep-layers","runtime-regression-C-screen1","32","0.15"
"deep-layers","runtime-regression-V-screen","56","0.27"
"deep-layers","runtime-regression-V-screen1","32","0.15"
"deep-layers","runtime-regression-R-screen","56","0.27"
"deep-layers","runtime-regression-R-screen1","32","0.15"
"deep-layers","runtime-regression-RF-screen","56","0.27"
"deep-layers","runtime-regression-RF-screen1","32","0.15"
"deep-layers","runtime-regression-C-exact","392","1.87"
"deep-layers","runtime-regression-C-adaptive","392","1.87"
"deep-layers","runtime-regression-C-abba1","32","0.15"
"deep-layers","runtime-regression-P-abba2","32","0.15"
"deep-layers","runtime-regression-P-gameflags","56","0.27"
"deep-layers","trace-900","4","0.02"
"deep-layers","trace-1080","4","0.02"
"deep-layers","runtime-regression-P-exact","392","1.87"
"deep-layers","runtime-regression-P-adaptive","392","1.87"
"kernel-map","runtime-regression-V-screen","56","0.27"
"kernel-map","runtime-regression-V-screen1","32","0.15"
"kernel-map","runtime-regression-H-screen","56","0.27"
"kernel-map","runtime-regression-H-screen1","32","0.15"
"kernel-map","runtime-regression-C-exact","392","1.87"
"kernel-map","runtime-regression-C-adaptive","392","1.87"
"kernel-map","runtime-regression-C-abba1","32","0.15"
"kernel-map","runtime-regression-F-abba2","32","0.15"
"kernel-map","runtime-regression-F-gameflags","56","0.27"
"kernel-map","trace-900","4","0.02"
"kernel-map","trace-1080","4","0.02"
"llvm-fork-20260929","runtime-regression-L-correct","392","1.87"
"llvm-fork-20260929","runtime-regression-L-adaptive","392","1.87"
"compiler-versions-20260929","runtime-regression-L20-correct","392","1.87"
"compiler-versions-20260929","runtime-regression-L20-adaptive","392","1.87"
"compiler-versions-20260929","runtime-regression-L20-timing1","32","0.15"
"compiler-versions-20260929","runtime-regression-L20-timing2","32","0.15"
"compiler-versions-20260929","runtime-regression-L21-timing1","32","0.15"
"compiler-versions-20260929","runtime-regression-L21-timing2","32","0.15"
"compiler-versions-20260929","runtime-regression-L22-correct","392","1.87"
"compiler-versions-20260929","runtime-regression-L22-adaptive","392","1.87"
"llvm-patch1-20260929","runtime-regression-P-correct","392","1.87"
"llvm-patch1-20260929","runtime-regression-P-adaptive","392","1.87"
"llvm-patch1-20260929","runtime-regression-P-public1","32","0.15"
"llvm-patch1-20260929","runtime-regression-P-public2","32","0.15"
"llvm-patch1-20260929","runtime-regression-P-driver1","32","0.15"
"llvm-patch1-20260929","runtime-regression-P-driver2","32","0.15"
"swin-persistent-20260929","runtime-regression-P-screen","112","0.54"
"swin-persistent-20260929","runtime-regression-P-short-side1","32","0.15"
"swin-persistent-20260929","runtime-regression-P-short-side2","32","0.15"
"swin-persistent-20260929","runtime-regression-P-short-side3","32","0.15"
"swin-persistent-20260929","runtime-regression-P-screen-async","112","0.54"
"swin-persistent-20260929","runtime-regression-P-async-side1","32","0.15"
"swin-persistent-20260929","runtime-regression-P-async-side2","32","0.15"
"swin-persistent-20260929","runtime-regression-P-async-side3","32","0.15"
"swin-persistent-20260929","runtime-regression-P-roll-0","112","0.54"
"swin-persistent-20260929","runtime-regression-P-roll-1","112","0.54"
"swin-persistent-20260929","runtime-regression-P-timeout-0","112","0.54"
"swin-persistent-20260929","runtime-regression-P-timeout-1","112","0.54"
"swin-persistent-20260929","runtime-regression-P-timeout-async-0","112","0.54"
"swin-persistent-20260929","runtime-regression-P-timeout-async-1","112","0.54"
"swin-persistent-20260929","runtime-regression-P-correct","392","1.87"
"swin-persistent-20260929","runtime-regression-P-adaptive","392","1.87"
"swin-persistent-20260929","runtime-regression-P-timing1","32","0.15"
"swin-persistent-20260929","runtime-regression-P-timing2","32","0.15"
"swin-persistent-20260929","runtime-regression-Q-correct","392","1.87"
"swin-persistent-20260929","runtime-regression-Q-adaptive","392","1.87"
"swin-persistent-20260929","runtime-regression-Q-off","56","0.27"
"swin-persistent-20260929","runtime-regression-Q-missing","56","0.27"
"swin-persistent-20260929","runtime-regression-Q-timing1","32","0.15"
"swin-persistent-20260929","runtime-regression-Q-timing2","32","0.15"
"swin-persistent-20260929","trace-900-0","4","0.02"
"swin-persistent-20260929","trace-900-1","4","0.02"
"swin-persistent-20260929","trace-1080-0","4","0.02"
"swin-persistent-20260929","trace-1080-1","4","0.02"
"swin-small-20260929","runtime-regression-P-c2-s1-a0","392","1.87"
"swin-small-20260929","runtime-regression-P-c2-s1-a1","392","1.87"
"swin-small-20260929","runtime-regression-P-c2-s1-short","32","0.15"
"swin-small-20260929","runtime-regression-P-c2-s2-a0","392","1.87"
"swin-small-20260929","runtime-regression-P-c2-s2-a1","392","1.87"
"swin-small-20260929","runtime-regression-P-c2-s2-short","32","0.15"
"swin-small-20260929","runtime-regression-P-c1-s1-a0","392","1.87"
"swin-small-20260929","runtime-regression-P-c1-s1-a1","392","1.87"
"swin-small-20260929","runtime-regression-P-c1-s1-short","32","0.15"
"swin-small-20260929","runtime-regression-P-c1-s2-a0","392","1.87"
"swin-small-20260929","runtime-regression-P-c1-s2-a1","392","1.87"
"swin-small-20260929","runtime-regression-P-c1-s2-short","32","0.15"
"swin-small-20260929","runtime-regression-P-c2-s1-timing1","32","0.15"
"swin-small-20260929","runtime-regression-P-c2-s2-timing1","32","0.15"
"swin-small-20260929","runtime-regression-P-c1-s1-timing1","32","0.15"
"swin-small-20260929","runtime-regression-P-c1-s2-timing1","32","0.15"
"swin-small-20260929","runtime-regression-P-c2-s1-matched2","32","0.15"
"swin-small-20260929","runtime-regression-P-c2-s2-matched2","32","0.15"
"swin-small-20260929","runtime-regression-P-c1-s1-matched2","32","0.15"
"swin-small-20260929","runtime-regression-P-c1-s2-matched2","32","0.15"
"swin-small-20260929","runtime-regression-P-c2-s1-roll-0","112","0.54"
"swin-small-20260929","runtime-regression-P-c2-s1-roll-1","112","0.54"
"swin-small-20260929","runtime-regression-P-c2-s1-timeout-0","112","0.54"
"swin-small-20260929","runtime-regression-P-c2-s1-timeout-1","112","0.54"
"swin-small-20260929","runtime-regression-P-c2-s2-roll-0","112","0.54"
"swin-small-20260929","runtime-regression-P-c2-s2-roll-1","112","0.54"
"swin-small-20260929","runtime-regression-P-c2-s2-timeout-0","112","0.54"
"swin-small-20260929","runtime-regression-P-c2-s2-timeout-1","112","0.54"
"swin-small-20260929","runtime-regression-P-c1-s1-roll-0","112","0.54"
"swin-small-20260929","runtime-regression-P-c1-s1-roll-1","112","0.54"
"swin-small-20260929","runtime-regression-P-c1-s1-timeout-0","112","0.54"
"swin-small-20260929","runtime-regression-P-c1-s1-timeout-1","112","0.54"
"swin-small-20260929","runtime-regression-P-c1-s2-roll-0","112","0.54"
"swin-small-20260929","runtime-regression-P-c1-s2-roll-1","112","0.54"
"swin-small-20260929","runtime-regression-P-c1-s2-timeout-0","112","0.54"
"swin-small-20260929","runtime-regression-P-c1-s2-timeout-1","112","0.54"
"swin-small-20260929","trace-c0-s3-900","4","0.02"
"swin-small-20260929","trace-c0-s3-1080","4","0.02"
"swin-small-20260929","trace-c2-s1-900","4","0.02"
"swin-small-20260929","trace-c2-s1-1080","4","0.02"
"swin-small-20260929","trace-c2-s2-900","4","0.02"
"swin-small-20260929","trace-c2-s2-1080","4","0.02"
"swin-small-20260929","trace-c1-s1-900","4","0.02"
"swin-small-20260929","trace-c1-s1-1080","4","0.02"
"swin-small-20260929","trace-c1-s2-900","4","0.02"
"swin-small-20260929","trace-c1-s2-1080","4","0.02"
"swin-small-20260929","runtime-regression-P-c2-s1-matched3","32","0.15"
"swin-small-20260929","runtime-regression-P-c2-s2-matched3","32","0.15"
"swin-small-20260929","runtime-regression-P-c1-s1-matched3","32","0.15"
"swin-small-20260929","runtime-regression-P-c1-s2-matched3","32","0.15"
"vit-attention-20260929","runtime-regression-P-correct","392","1.87"
"vit-attention-20260929","runtime-regression-P-adaptive","392","1.87"
"vit-attention-20260929","runtime-regression-P-roll-0","112","0.54"
"vit-attention-20260929","runtime-regression-P-roll-1","112","0.54"
"vit-attention-20260929","runtime-regression-P-timing1","32","0.15"
"vit-attention-20260929","runtime-regression-P-timing2","32","0.15"
"c512-proj-share-20260929","runtime-regression-P-correct","392","1.87"
"c512-proj-share-20260929","runtime-regression-P-adaptive","392","1.87"
"c512-proj-share-20260929","runtime-regression-P-roll-0","112","0.54"
"c512-proj-share-20260929","runtime-regression-P-roll-1","112","0.54"
"c512-proj-share-20260929","runtime-regression-P-timing1","32","0.15"
"c512-proj-share-20260929","runtime-regression-P-timing2","32","0.15"
"vit-qkv-20260929","runtime-regression-P-correct","392","1.87"
"vit-qkv-20260929","runtime-regression-P-adaptive","392","1.87"
"vit-qkv-20260929","runtime-regression-P-roll-0","112","0.54"
"vit-qkv-20260929","runtime-regression-P-roll-1","112","0.54"
"vit-qkv-20260929","runtime-regression-P-timing1","32","0.15"
"vit-qkv-20260929","runtime-regression-P-timing2","32","0.15"
"vit-qkv-20260929","runtime-regression-P-correct-prod","392","1.87"
"vit-qkv-20260929","runtime-regression-P-adaptive-prod","392","1.87"
"vit-qkv-20260929","runtime-regression-P-roll-0-prod","112","0.54"
"vit-qkv-20260929","runtime-regression-P-roll-1-prod","112","0.54"
"vit-qkv-20260929","runtime-regression-P-timing1-prod","32","0.15"
"kernel-map-900-20260930","run-smoke-900","4","0.02"
"kernel-map-900-20260930","run-prof-900","4","0.02"
"kernel-map-900-20260930","run-plain-900","4","0.02"
"kernel-map-900-20260930","run-prof-1080","4","0.02"
"kernel-map-900-20260930","run-plain-1080","4","0.02"
"shift-pack-900-20260930","runtime-regression-P-correct-P","392","1.87"
"shift-pack-900-20260930","runtime-regression-P-adaptive-P","392","1.87"
"shift-pack-900-20260930","runtime-regression-P-correct-Pp","392","1.87"
"shift-pack-900-20260930","runtime-regression-P-adaptive-Pp","392","1.87"
"shift-pack-900-20260930","runtime-regression-P-roll-Proll-0","112","0.54"
"shift-pack-900-20260930","runtime-regression-P-roll-Proll-1","112","0.54"
"shift-pack-900-20260930","runtime-regression-P-roll-Pproll-0","112","0.54"
"shift-pack-900-20260930","runtime-regression-P-roll-Pproll-1","112","0.54"
"shift-pack-900-20260930","runtime-regression-P-timing1","32","0.15"
"shift-pack-900-20260930","runtime-regression-P-timing2","32","0.15"
"c32-align-20260930","runtime-regression-S-roll-Proll-0","112","0.54"
"c32-align-20260930","runtime-regression-S-roll-Proll-1","112","0.54"
"c32-align-20260930","runtime-regression-S-timing-P-1","32","0.15"
"c32-align-20260930","runtime-regression-S-timing-P-2","32","0.15"
"c32-align-20260930","runtime-regression-B-roll-Proll-0","112","0.54"
"c32-align-20260930","runtime-regression-B-roll-Proll-1","112","0.54"
"c32-align-20260930","runtime-regression-B-timing-P-1","32","0.15"
"c32-align-20260930","runtime-regression-B-timing-P-2","32","0.15"
"c32-align-20260930","runtime-regression-D-roll-base-0","112","0.54"
"c32-align-20260930","runtime-regression-D-roll-base-1","112","0.54"
"c32-align-20260930","runtime-regression-D-timing-base-1","32","0.15"
"c32-align-20260930","runtime-regression-D-timing-base-2","32","0.15"
"c32-align-20260930","runtime-regression-DK-roll-Proll-0","112","0.54"
"c32-align-20260930","runtime-regression-DK-roll-Proll-1","112","0.54"
"c32-align-20260930","runtime-regression-DK-timing-base-1","32","0.15"
"c32-align-20260930","runtime-regression-DK-timing-base-2","32","0.15"
"c32-align-20260930","runtime-regression-BD-roll-Proll-0","112","0.54"
"c32-align-20260930","runtime-regression-BD-roll-Proll-1","112","0.54"
"c32-align-20260930","runtime-regression-BD-timing-P-1","32","0.15"
"c32-align-20260930","runtime-regression-BD-timing-P-2","32","0.15"
"c32-align-20260930","runtime-regression-F-roll-Proll-0","112","0.54"
"c32-align-20260930","runtime-regression-F-roll-Proll-1","112","0.54"
"c32-align-20260930","runtime-regression-F-timing-P-1","32","0.15"
"handoff-gpu-20260930","runtime-regression-G-correct","392","1.87"
"handoff-gpu-20260930","runtime-regression-G-adaptive","392","1.87"
"handoff-gpu-20260930","runtime-regression-G-roll-0","112","0.54"
"handoff-gpu-20260930","runtime-regression-G-roll-1","112","0.54"
"handoff-gpu-20260930","runtime-regression-G-timing-1","32","0.15"
"handoff-gpu-20260930","runtime-regression-G-timing-2","32","0.15"
"handoff-gpu-20260930","runtime-regression-G2-correct","392","1.87"
"handoff-gpu-20260930","runtime-regression-G2-adaptive","392","1.87"
"handoff-gpu-20260930","runtime-regression-G2-roll-0","112","0.54"
"handoff-gpu-20260930","runtime-regression-G2-roll-1","112","0.54"
"handoff-gpu-20260930","runtime-regression-G2-timing-1","32","0.15"
"handoff-gpu-20260930","runtime-regression-G2-timing-2","32","0.15"
"infinity-cache-20260930","runtime-regression-P-correct","392","1.87"
"infinity-cache-20260930","runtime-regression-P-adaptive","392","1.87"
"infinity-cache-20260930","runtime-regression-P-roll-0","112","0.54"
"infinity-cache-20260930","runtime-regression-P-roll-1","112","0.54"
"infinity-cache-20260930","runtime-regression-P-timing1","32","0.15"
"infinity-cache-20260930","runtime-regression-P-timing2","32","0.15"
"small-wins-20260930","runtime-regression-Q-roll-Proll-0","112","0.54"
"small-wins-20260930","runtime-regression-Q-roll-Proll-1","112","0.54"
"small-wins-20260930","runtime-regression-Q-timing-base-1","32","0.15"
"small-wins-20260930","runtime-regression-Q-timing-base-2","32","0.15"
"small-wins-20260930","runtime-regression-O-roll-Proll-0","112","0.54"
"small-wins-20260930","runtime-regression-O-roll-Proll-1","112","0.54"
"small-wins-20260930","runtime-regression-O-timing-base-1","32","0.15"
"small-wins-20260930","runtime-regression-O-timing-base-2","32","0.15"
"small-wins-20260930","runtime-regression-C-roll-Proll-0","112","0.54"
"small-wins-20260930","runtime-regression-C-roll-Proll-1","112","0.54"
"small-wins-20260930","runtime-regression-C-timing-base-1","32","0.15"
"small-wins-20260930","runtime-regression-C-timing-base-2","32","0.15"
"small-wins-20260930","runtime-regression-I-roll-Proll-0","112","0.54"
"small-wins-20260930","runtime-regression-I-roll-Proll-1","112","0.54"
"small-wins-20260930","runtime-regression-I-timing-base-1","32","0.15"
"small-wins-20260930","runtime-regression-I-timing-base-2","32","0.15"
"small-wins-20260930","runtime-regression-P-roll-Proll-0","112","0.54"
"small-wins-20260930","runtime-regression-P-roll-Proll-1","112","0.54"
"small-wins-20260930","runtime-regression-P-timing-base-1","32","0.15"
"small-wins-20260930","runtime-regression-P-timing-base-2","32","0.15"
"small-wins-20260930","runtime-regression-final-roll-Proll-0","112","0.54"
"small-wins-20260930","runtime-regression-final-roll-Proll-1","112","0.54"
"small-wins-20260930","runtime-regression-final-timing-base-1","32","0.15"
"composite-quant-20260930","runtime-regression-M-correct-base","392","1.87"
"composite-quant-20260930","runtime-regression-M-adaptive-base","392","1.87"
"composite-quant-20260930","runtime-regression-M-roll-Proll-0","112","0.54"
"composite-quant-20260930","runtime-regression-M-roll-Proll-1","112","0.54"
"composite-quant-20260930","runtime-regression-M-timing-base-1","32","0.15"
"composite-quant-20260930","runtime-regression-M-timing-base-2","32","0.15"
"composite-quant-20260930","runtime-regression-M-timing-base-3","32","0.15"
"c256-w16-20260930","runtime-regression-W-correct-P","392","1.87"
"c256-w16-20260930","runtime-regression-W-adaptive-P","392","1.87"
"c256-w16-20260930","runtime-regression-W-roll-Proll-0","112","0.54"
"c256-w16-20260930","runtime-regression-W-roll-Proll-1","112","0.54"
"c256-w16-20260930","runtime-regression-W-timing-P-1","32","0.15"
"c256-w16-20260930","runtime-regression-W-timing-P-2","32","0.15"
"c256-w16-20260930","runtime-regression-A-correct-P","392","1.87"
"c256-w16-20260930","runtime-regression-A-adaptive-P","392","1.87"
"c256-w16-20260930","runtime-regression-A-roll-Proll-0","112","0.54"
"c256-w16-20260930","runtime-regression-A-roll-Proll-1","112","0.54"
"c256-w16-20260930","runtime-regression-W-correct-base","392","1.87"
"c256-w16-20260930","runtime-regression-W-adaptive-base","392","1.87"
"c256-w16-20260930","runtime-regression-W-roll-base-0","112","0.54"
"c256-w16-20260930","runtime-regression-W-roll-base-1","112","0.54"
"c256-w16-20260930","runtime-regression-W-timing-P-3","32","0.15"
"c256-w16-20260930","runtime-regression-W-nosp-0","392","1.87"
"c256-w16-20260930","runtime-regression-W-nosp-1","392","1.87"
"c256-w16-20260930","runtime-regression-W-sp-diag","112","0.54"
"composite-quant-c512-20260930","runtime-regression-M-correct-base","392","1.87"
"composite-quant-c512-20260930","runtime-regression-M-adaptive-base","392","1.87"
"composite-quant-c512-20260930","runtime-regression-M-roll-Proll-0","112","0.54"
"composite-quant-c512-20260930","runtime-regression-M-roll-Proll-1","112","0.54"
"composite-quant-c512-20260930","runtime-regression-M-timing-base-1","32","0.15"
"composite-quant-c512-20260930","runtime-regression-M-timing-base-2","32","0.15"
"composite-quant-c512-20260930","runtime-regression-M-timing-base-3","32","0.15"
"prefix-post-20260930","runtime-regression-X-correct-P","392","1.87"
"prefix-post-20260930","runtime-regression-X-adaptive-P","392","1.87"
"prefix-post-20260930","runtime-regression-X-roll-Proll-0","112","0.54"
"prefix-post-20260930","runtime-regression-X-roll-Proll-1","112","0.54"
"prefix-post-20260930","runtime-regression-X-timing-P-1","32","0.15"
"prefix-post-20260930","runtime-regression-X-timing-P-2","32","0.15"
"prefix-post-20260930","runtime-regression-X-timing-P-3","32","0.15"
"prefix-post-20260930","runtime-regression-X-correct-base","392","1.87"
"prefix-post-20260930","runtime-regression-X-adaptive-base","392","1.87"
"prefix-post-20260930","runtime-regression-X-roll-base-0","112","0.54"
"prefix-post-20260930","runtime-regression-X-roll-base-1","112","0.54"
"prefix-post-20260930","runtime-regression-X-timing-Ppre-1","32","0.15"
"prefix-post-20260930","runtime-regression-X-timing-Ppost-1","32","0.15"
"prefix-post-20260930","runtime-regression-A-correct-P","392","1.87"
"prefix-post-20260930","runtime-regression-A-adaptive-P","392","1.87"
"prefix-post-20260930","runtime-regression-A-roll-Proll-0","112","0.54"
"prefix-post-20260930","runtime-regression-A-roll-Proll-1","112","0.54"
"prefix-post-arith-20260930","runtime-regression-T-correct-P","392","1.87"
"prefix-post-arith-20260930","runtime-regression-T-adaptive-P","392","1.87"
"prefix-post-arith-20260930","runtime-regression-T-roll-Proll-0","112","0.54"
"prefix-post-arith-20260930","runtime-regression-T-roll-Proll-1","112","0.54"
"prefix-post-arith-20260930","runtime-regression-T-timing-P-1","32","0.15"
"prefix-post-arith-20260930","runtime-regression-T-timing-P-2","32","0.15"
"prefix-post-arith-20260930","runtime-regression-T-timing-P-3","32","0.15"
"tail-vec-20260930","runtime-regression-F-correct-P","392","1.87"
"tail-vec-20260930","runtime-regression-F-adaptive-P","392","1.87"
"tail-vec-20260930","runtime-regression-F-roll-Proll-0","112","0.54"
"tail-vec-20260930","runtime-regression-F-roll-Proll-1","112","0.54"
"tail-vec-20260930","runtime-regression-F-timing-P-1","32","0.15"
"tail-vec-20260930","runtime-regression-F-timing-P-2","32","0.15"
"tail-vec-20260930","runtime-regression-F-timing-P-3","32","0.15"
