TOPO,c32_wave1,c32_wave1_prefix,24000,24000,32
TOPO,c32_wave1,c32_wave1_mapped,6000,6000,32
TOPO,c32_wave1,c32_wave1_chain,6161,6161,32
TOPO,c32_wave1,c32_wave1_chain,6060,6060,32
TOPO,c32_wave1,c32_wave1_finish_dcrop,6100,6100,32
TOPO,mh_fast,mh_pool_project_production_h16w,6144000,24000,32
TOPO,c64_wave2,c64_wave2_bo,1500,1500,64
TOPO,c64_wave2,c64_wave2_bi_bo,1581,1581,64
TOPO,c64_wave2,c64_wave2_bi_bo,1530,1530,64
TOPO,c64_wave2,c64_wave2_bi,1550,1550,64
TOPO,mh_fast,mh_pool_project_group_c64,3072000,1500,64
TOPO,c64_wave2,c128_wave2_bo,375,375,128
TOPO,c64_wave2,c128_wave2_bi_bo,416,416,128
TOPO,c64_wave2,c128_wave2_bi_bo,390,390,128
TOPO,c64_wave2,c128_wave2_bi_bo,400,400,128
TOPO,c64_wave2,c128_wave2_bi_bo,375,375,128
TOPO,c64_wave2,c128_wave2_bi,416,416,128
TOPO,mh_fast,mh_pool_project_group_c128,1536000,375,128
TOPO,mh_fast,mh_ffn_fused_c256_frag_project_mapped_g128_qkv_fb_pdl,1703936,416,512
TOPO,c64_wave2,c256_attn_wave_bo,104,104,256
TOPO,sp,sp_init,1872,8,256
TOPO,sp,sp_run256,624,624,256
TOPO,sp,sp_recover256,1,1,256
TOPO,mh_fast,mh_ffn_fused_c256_frag_project_mapped_g128_qkv_bytein_fb_pdl,1703936,416,512
TOPO,c64_wave2,c256_attn_wave,104,104,256
TOPO,mh_fast,mh_pool_project_group_c256,768000,94,256
TOPO,mh,mh_shift_pack,770048,3008,256
TOPO,c512_m32_deep,split_mix_blocked_h16w_m32,385024,376,32
TOPO,deep_fast,split_ffn_fused_fp8_t8,770048,752,128
TOPO,deep_fast,split_projection_frag,770048,752,32
TOPO,c512_m32_mh,c512_qkv_attention_compact,448,448,64
TOPO,mh_fast,mh_attention_project_frag_c512,770048,752,32
TOPO,mh,mh_shift_pack,770048,3008,256
TOPO,c512_m32_deep,split_mix_blocked_h16w_m32,385024,376,32
TOPO,deep_fast,split_ffn_fused_fp8_t8,770048,752,128
TOPO,deep_fast,split_projection_frag,770048,752,32
TOPO,c512_m32_mh,c512_qkv_attention_compact,560,560,64
TOPO,mh_fast,mh_attention_project_frag_c512,770048,752,32
TOPO,mh,mh_shift_pack,770048,3008,256
TOPO,c512_m32_deep,split_mix_blocked_h16w_m32,385024,376,32
TOPO,deep_fast,split_ffn_fused_fp8_t8,770048,752,128
TOPO,deep_fast,split_projection_frag,770048,752,32
TOPO,c512_m32_mh,c512_qkv_attention_compact,448,448,64
TOPO,mh_fast,mh_attention_project_frag_c512,770048,752,32
TOPO,mh,mh_shift_pack,770048,3008,256
TOPO,c512_m32_deep,split_mix_blocked_h16w_m32,385024,376,32
TOPO,deep_fast,split_ffn_fused_fp8_t8,770048,752,128
TOPO,deep_fast,split_projection_frag,770048,752,32
TOPO,c512_m32_mh,c512_qkv_attention_compact,560,560,64
TOPO,mh_fast,mh_attention_project_frag_c512,770048,752,32
TOPO,mh,mh_shift_pack,770048,3008,256
TOPO,c512_m32_deep,split_mix_blocked_h16w_m32,385024,376,32
TOPO,deep_fast,split_ffn_fused_fp8_t8,770048,752,128
TOPO,deep_fast,split_projection_frag,770048,752,32
TOPO,c512_m32_mh,c512_qkv_attention_compact,448,448,64
TOPO,mh_fast,mh_attention_project_frag_c512,770048,752,32
TOPO,mh,mh_shift_pack,770048,3008,256
TOPO,c512_m32_deep,split_mix_blocked_h16w_m32,385024,376,32
TOPO,deep_fast,split_ffn_fused_fp8_t8,770048,752,128
TOPO,deep_fast,split_projection_frag,770048,752,32
TOPO,c512_m32_mh,c512_qkv_attention_compact,560,560,64
TOPO,mh_fast,mh_attention_project_frag_c512,770048,752,32
TOPO,mh,mh_shift_pack,770048,3008,256
TOPO,c512_m32_deep,split_mix_blocked_h16w_m32,385024,376,32
TOPO,deep_fast,split_ffn_fused_fp8_t8,770048,752,128
TOPO,deep_fast,split_projection_frag,770048,752,32
TOPO,c512_m32_mh,c512_qkv_attention_compact,448,448,64
TOPO,mh_fast,mh_attention_project_frag_c512,770048,752,32
TOPO,mh,mh_shift_pack,770048,3008,256
TOPO,c512_m32_deep,split_mix_blocked_h16w_m32,385024,376,32
TOPO,deep_fast,split_ffn_fused_fp8_t8,770048,752,128
TOPO,deep_fast,split_projection_frag,770048,752,32
TOPO,c512_m32_mh,c512_qkv_attention_compact,560,560,64
TOPO,mh_fast,mh_attention_project_frag_c512,770048,752,32
TOPO,mh_fast,mh_pool_project_group_c512,409600,25,512
TOPO,deep,vit_gather,409600,1600,256
TOPO,deep_fast,vit_pack_input,102400,400,256
TOPO,deep_fast,vit_expand_blocked_fp8_frag_bytein,1638400,1600,32
TOPO,vit_stream,vit_stream_contract_frag_hout,409600,400,32
TOPO,vit_stream,vit_stream_qkv_frag_hin,1228800,2400,32
TOPO,deep_fast,vit_attention_fused_400_bytein_bout,204800,800,32
TOPO,vit_stream,vit_stream_project_n64_bh,409600,400,32
TOPO,deep_fast,vit_pack_input,102400,400,256
TOPO,deep_fast,vit_expand_blocked_fp8_frag_bytein,1638400,1600,32
TOPO,vit_stream,vit_stream_contract_frag_hout,409600,400,32
TOPO,vit_stream,vit_stream_qkv_frag_hin,1228800,2400,32
TOPO,deep_fast,vit_attention_fused_400_bytein_bout,204800,800,32
TOPO,vit_stream,vit_stream_project_n64_bh,409600,400,32
TOPO,deep_fast,vit_pack_input,102400,400,256
TOPO,deep_fast,vit_expand_blocked_fp8_frag_bytein,1638400,1600,32
TOPO,vit_stream,vit_stream_contract_frag_hout,409600,400,32
TOPO,vit_stream,vit_stream_qkv_frag_hin,1228800,2400,32
TOPO,deep_fast,vit_attention_fused_400_bytein_bout,204800,800,32
TOPO,vit_stream,vit_stream_project_n64_bh,409600,400,32
TOPO,deep_fast,vit_pack_input,102400,400,256
TOPO,deep_fast,vit_expand_blocked_fp8_frag_bytein,1638400,1600,32
TOPO,vit_stream,vit_stream_contract_frag_hout,409600,400,32
TOPO,vit_stream,vit_stream_qkv_frag_hin,1228800,2400,32
TOPO,deep_fast,vit_attention_fused_400_bytein_bout,204800,800,32
TOPO,vit_stream,vit_stream_project_n64_bh,409600,400,32
TOPO,deep_fast,vit_pack_input,102400,400,256
TOPO,deep_fast,vit_expand_blocked_fp8_frag_bytein,1638400,1600,32
TOPO,vit_stream,vit_stream_contract_frag_hout,409600,400,32
TOPO,vit_stream,vit_stream_qkv_frag_hin,1228800,2400,32
TOPO,deep_fast,vit_attention_fused_400_bytein_bout,204800,800,32
TOPO,vit_stream,vit_stream_project_n64_bh,409600,400,32
TOPO,deep_fast,vit_pack_input,102400,400,256
TOPO,deep_fast,vit_expand_blocked_fp8_frag_bytein,1638400,1600,32
TOPO,vit_stream,vit_stream_contract_frag_hout,409600,400,32
TOPO,vit_stream,vit_stream_qkv_frag_hin,1228800,2400,32
TOPO,deep_fast,vit_attention_fused_400_bytein_bout,204800,800,32
TOPO,vit_stream,vit_stream_project_n64_bh,409600,400,32
TOPO,deep_fast,vit_pack_input,102400,400,256
TOPO,deep_fast,vit_expand_blocked_fp8_frag_bytein,1638400,1600,32
TOPO,vit_stream,vit_stream_contract_frag_hout,409600,400,32
TOPO,vit_stream,vit_stream_qkv_frag_hin,1228800,2400,32
TOPO,deep_fast,vit_attention_fused_400_bytein_bout,204800,800,32
TOPO,vit_stream,vit_stream_project_n64_bh,409600,400,32
TOPO,deep_fast,vit_pack_input,102400,400,256
TOPO,deep_fast,vit_expand_blocked_fp8_frag_bytein,1638400,1600,32
TOPO,vit_stream,vit_stream_contract_frag_hout,409600,400,32
TOPO,vit_stream,vit_stream_qkv_frag_hin,1228800,2400,32
TOPO,deep_fast,vit_attention_fused_400_bytein_bout,204800,800,32
TOPO,vit_stream,vit_stream_project_n64_bh,409600,400,32
TOPO,deep,vit_gather,409600,1600,256
TOPO,deep_fast,decoder_project2x_h16w,204800,800,32
TOPO,mh,mh_shift_pack,770048,3008,256
TOPO,c512_m32_deep,split_mix_blocked_h16w_m32,385024,376,32
TOPO,deep_fast,split_ffn_fused_fp8_t8,770048,752,128
TOPO,deep_fast,split_projection_frag,770048,752,32
TOPO,c512_m32_mh,c512_qkv_attention_compact,448,448,64
TOPO,mh_fast,mh_attention_project_frag_c512,770048,752,32
TOPO,mh,mh_shift_pack,770048,3008,256
TOPO,c512_m32_deep,split_mix_blocked_h16w_m32,385024,376,32
TOPO,deep_fast,split_ffn_fused_fp8_t8,770048,752,128
TOPO,deep_fast,split_projection_frag,770048,752,32
TOPO,c512_m32_mh,c512_qkv_attention_compact,560,560,64
TOPO,mh_fast,mh_attention_project_frag_c512,770048,752,32
TOPO,mh,mh_shift_pack,770048,3008,256
TOPO,c512_m32_deep,split_mix_blocked_h16w_m32,385024,376,32
TOPO,deep_fast,split_ffn_fused_fp8_t8,770048,752,128
TOPO,deep_fast,split_projection_frag,770048,752,32
TOPO,c512_m32_mh,c512_qkv_attention_compact,448,448,64
TOPO,mh_fast,mh_attention_project_frag_c512,770048,752,32
TOPO,mh,mh_shift_pack,770048,3008,256
TOPO,c512_m32_deep,split_mix_blocked_h16w_m32,385024,376,32
TOPO,deep_fast,split_ffn_fused_fp8_t8,770048,752,128
TOPO,deep_fast,split_projection_frag,770048,752,32
TOPO,c512_m32_mh,c512_qkv_attention_compact,560,560,64
TOPO,mh_fast,mh_attention_project_frag_c512,770048,752,32
TOPO,mh,mh_shift_pack,770048,3008,256
TOPO,c512_m32_deep,split_mix_blocked_h16w_m32,385024,376,32
TOPO,deep_fast,split_ffn_fused_fp8_t8,770048,752,128
TOPO,deep_fast,split_projection_frag,770048,752,32
TOPO,c512_m32_mh,c512_qkv_attention_compact,560,560,64
TOPO,mh_fast,mh_attention_project_frag_c512,770048,752,32
TOPO,deep_fast,decoder_project2x_h16w_byteout,384000,1504,32
TOPO,mh_fast,mh_ffn_fused_c256_frag_project_mapped_g128_qkv_bytein_fb_pdl,1703936,416,512
TOPO,c64_wave2,c256_attn_wave_bo,104,104,256
TOPO,sp,sp_init,1872,8,256
TOPO,sp,sp_run256,624,624,256
TOPO,sp,sp_recover256,1,1,256
TOPO,mh_fast,mh_ffn_fused_c256_frag_project_mapped_g128_qkv_bytein_fb_pdl,1703936,416,512
TOPO,c64_wave2,c256_attn_wave,104,104,256
TOPO,c64_wave2,c128_wave2_up,390,390,128
TOPO,c64_wave2,c128_wave2_bi_bo,400,400,128
TOPO,c64_wave2,c128_wave2_bi_bo,375,375,128
TOPO,c64_wave2,c128_wave2_bi_bo,416,416,128
TOPO,c64_wave2,c128_wave2_bi_bo,390,390,128
TOPO,c64_wave2,c128_wave2_bi,400,400,128
TOPO,c64_wave2,c64_wave2_up,1500,1500,64
TOPO,c64_wave2,c64_wave2_bi_bo,1581,1581,64
TOPO,c64_wave2,c64_wave2_bi_bo,1530,1530,64
TOPO,c64_wave2,c64_wave2_bi,1550,1550,64
TOPO,c32_wave1,c32_wave1_up,6000,6000,32
TOPO,c32_wave1,c32_wave1_chain,6161,6161,32
TOPO,c32_wave1,c32_wave1_chain,6060,6060,32
TOPO,c32_wave1,c32_wave1_finish,6100,6100,32
TOPO,c32_wave1,c32_wave1_post,24321,24321,32
