"set","case","frame","reuse","age","reason","relative","local","image"
"runtime-regression-P-adaptive","900-static-False","1","0","0","1","0","0","0"
"runtime-regression-P-adaptive","900-static-False","2","0","0","1","0","0","0"
"runtime-regression-P-adaptive","900-static-False","3","1","1","0","0","0","0"
"runtime-regression-P-adaptive","900-static-False","4","1","2","0","0","0","0"
"runtime-regression-P-adaptive","900-static-False","5","1","3","0","0","0","0"
"runtime-regression-P-adaptive","900-static-False","6","1","4","8","0","0","0"
"runtime-regression-P-adaptive","900-static-False","7","1","4","8","0","0","0"
"runtime-regression-P-adaptive","900-static-False","8","1","4","8","0","0","0"
"runtime-regression-P-adaptive","900-static-False","9","1","4","8","0","0","0"
"runtime-regression-P-adaptive","900-static-False","10","1","4","8","0","0","0"
"runtime-regression-P-adaptive","900-static-False","11","1","4","8","0","0","0"
"runtime-regression-P-adaptive","900-static-False","12","1","4","8","0","0","0"
"runtime-regression-P-adaptive","900-static-True","1","0","0","1","0","0","0"
"runtime-regression-P-adaptive","900-static-True","2","0","0","1","0","0","0"
"runtime-regression-P-adaptive","900-static-True","3","1","1","0","0","0","0"
"runtime-regression-P-adaptive","900-static-True","4","1","2","0","0","0","0"
"runtime-regression-P-adaptive","900-static-True","5","1","3","0","0","0","0"
"runtime-regression-P-adaptive","900-static-True","6","1","4","8","0","0","0"
"runtime-regression-P-adaptive","900-static-True","7","1","4","8","0","0","0"
"runtime-regression-P-adaptive","900-static-True","8","1","4","8","0","0","0"
"runtime-regression-P-adaptive","900-static-True","9","1","4","8","0","0","0"
"runtime-regression-P-adaptive","900-static-True","10","1","4","8","0","0","0"
"runtime-regression-P-adaptive","900-static-True","11","1","4","8","0","0","0"
"runtime-regression-P-adaptive","900-static-True","12","1","4","8","0","0","0"
"runtime-regression-P-adaptive","900-motion-False","1","0","0","1","0","0","0"
"runtime-regression-P-adaptive","900-motion-False","2","0","0","1","0","0","0"
"runtime-regression-P-adaptive","900-motion-False","3","1","1","0","0.180847913","0.731604338","0.108352736"
"runtime-regression-P-adaptive","900-motion-False","4","1","2","0","0.193224221","0.886780143","0.159469336"
"runtime-regression-P-adaptive","900-motion-False","5","1","3","0","0.209129363","0.853513718","0.222642049"
"runtime-regression-P-adaptive","900-motion-False","6","0","0","3","0.216143593","0.86256206","0.311268568"
"runtime-regression-P-adaptive","900-motion-False","7","1","1","0","0.179423124","0.677851379","0.0978515521"
"runtime-regression-P-adaptive","900-motion-False","8","1","2","0","0.186194882","0.64044565","0.22650452"
"runtime-regression-P-adaptive","900-motion-False","9","0","0","7","0.200379387","0.749868751","0.380215317"
"runtime-regression-P-adaptive","900-motion-False","10","1","1","0","0.172286391","0.650136411","0.128130645"
"runtime-regression-P-adaptive","900-motion-False","11","1","2","0","0.184356123","0.542373657","0.248489618"
"runtime-regression-P-adaptive","900-motion-False","12","0","0","7","0.201912522","0.659669101","0.404823005"
"runtime-regression-P-adaptive","900-motion-True","1","0","0","1","0","0","0"
"runtime-regression-P-adaptive","900-motion-True","2","0","0","1","0","0","0"
"runtime-regression-P-adaptive","900-motion-True","3","1","1","0","0.180847913","0.731604338","0.108352736"
"runtime-regression-P-adaptive","900-motion-True","4","1","2","0","0.193224221","0.886780143","0.159469336"
"runtime-regression-P-adaptive","900-motion-True","5","1","3","0","0.209129363","0.853513718","0.222642049"
"runtime-regression-P-adaptive","900-motion-True","6","0","0","3","0.216143593","0.86256206","0.311268568"
"runtime-regression-P-adaptive","900-motion-True","7","1","1","0","0.179423124","0.677851379","0.0978515521"
"runtime-regression-P-adaptive","900-motion-True","8","1","2","0","0.186194882","0.64044565","0.22650452"
"runtime-regression-P-adaptive","900-motion-True","9","0","0","7","0.200379387","0.749868751","0.380215317"
"runtime-regression-P-adaptive","900-motion-True","10","1","1","0","0.172286391","0.650136411","0.128130645"
"runtime-regression-P-adaptive","900-motion-True","11","1","2","0","0.184356123","0.542373657","0.248489618"
"runtime-regression-P-adaptive","900-motion-True","12","0","0","7","0.201912522","0.659669101","0.404823005"
"runtime-regression-P-adaptive","1080-static-False","1","0","0","1","0","0","0"
"runtime-regression-P-adaptive","1080-static-False","2","0","0","1","0","0","0"
"runtime-regression-P-adaptive","1080-static-False","3","1","1","0","0","0","0"
"runtime-regression-P-adaptive","1080-static-False","4","1","2","0","0","0","0"
"runtime-regression-P-adaptive","1080-static-False","5","1","3","0","0","0","0"
"runtime-regression-P-adaptive","1080-static-False","6","1","4","8","0","0","0"
"runtime-regression-P-adaptive","1080-static-False","7","1","4","8","0","0","0"
"runtime-regression-P-adaptive","1080-static-False","8","1","4","8","0","0","0"
"runtime-regression-P-adaptive","1080-static-False","9","1","4","8","0","0","0"
"runtime-regression-P-adaptive","1080-static-False","10","1","4","8","0","0","0"
"runtime-regression-P-adaptive","1080-static-False","11","1","4","8","0","0","0"
"runtime-regression-P-adaptive","1080-static-False","12","1","4","8","0","0","0"
"runtime-regression-P-adaptive","1080-static-True","1","0","0","1","0","0","0"
"runtime-regression-P-adaptive","1080-static-True","2","0","0","1","0","0","0"
"runtime-regression-P-adaptive","1080-static-True","3","1","1","0","0","0","0"
"runtime-regression-P-adaptive","1080-static-True","4","1","2","0","0","0","0"
"runtime-regression-P-adaptive","1080-static-True","5","1","3","0","0","0","0"
"runtime-regression-P-adaptive","1080-static-True","6","1","4","8","0","0","0"
"runtime-regression-P-adaptive","1080-static-True","7","1","4","8","0","0","0"
"runtime-regression-P-adaptive","1080-static-True","8","1","4","8","0","0","0"
"runtime-regression-P-adaptive","1080-static-True","9","1","4","8","0","0","0"
"runtime-regression-P-adaptive","1080-static-True","10","1","4","8","0","0","0"
"runtime-regression-P-adaptive","1080-static-True","11","1","4","8","0","0","0"
"runtime-regression-P-adaptive","1080-static-True","12","1","4","8","0","0","0"
"runtime-regression-P-adaptive","1080-motion-False","1","0","0","1","0","0","0"
"runtime-regression-P-adaptive","1080-motion-False","2","0","0","1","0","0","0"
"runtime-regression-P-adaptive","1080-motion-False","3","1","1","0","0.170922115","0.582028747","0.133995414"
"runtime-regression-P-adaptive","1080-motion-False","4","1","2","0","0.183131695","0.577863872","0.274827302"
"runtime-regression-P-adaptive","1080-motion-False","5","0","0","7","0.193904296","0.645623207","0.42715314"
"runtime-regression-P-adaptive","1080-motion-False","6","1","1","0","0.166957155","0.392165661","0.107977018"
"runtime-regression-P-adaptive","1080-motion-False","7","1","2","0","0.18245104","0.584125996","0.230066851"
"runtime-regression-P-adaptive","1080-motion-False","8","0","0","7","0.190672606","0.678874791","0.363638937"
"runtime-regression-P-adaptive","1080-motion-False","9","1","1","0","0.170402288","0.780410767","0.143626645"
"runtime-regression-P-adaptive","1080-motion-False","10","1","2","0","0.182342038","0.599819779","0.275410086"
"runtime-regression-P-adaptive","1080-motion-False","11","0","0","7","0.195262805","0.75949204","0.386555284"
"runtime-regression-P-adaptive","1080-motion-False","12","1","1","0","0.176999524","0.768756151","0.247310326"
"runtime-regression-P-adaptive","1080-motion-True","1","0","0","1","0","0","0"
"runtime-regression-P-adaptive","1080-motion-True","2","0","0","1","0","0","0"
"runtime-regression-P-adaptive","1080-motion-True","3","1","1","0","0.170922115","0.582028747","0.133995414"
"runtime-regression-P-adaptive","1080-motion-True","4","1","2","0","0.183131695","0.577863872","0.274827302"
"runtime-regression-P-adaptive","1080-motion-True","5","0","0","7","0.193904296","0.645623207","0.42715314"
"runtime-regression-P-adaptive","1080-motion-True","6","1","1","0","0.166957155","0.392165661","0.107977018"
"runtime-regression-P-adaptive","1080-motion-True","7","1","2","0","0.18245104","0.584125996","0.230066851"
"runtime-regression-P-adaptive","1080-motion-True","8","0","0","7","0.190672606","0.678874791","0.363638937"
"runtime-regression-P-adaptive","1080-motion-True","9","1","1","0","0.170402288","0.780410767","0.143626645"
"runtime-regression-P-adaptive","1080-motion-True","10","1","2","0","0.182342038","0.599819779","0.275410086"
"runtime-regression-P-adaptive","1080-motion-True","11","0","0","7","0.195262805","0.75949204","0.386555284"
"runtime-regression-P-adaptive","1080-motion-True","12","1","1","0","0.176999524","0.768756151","0.247310326"
"runtime-regression-P-adaptive","720-motion-False","1","0","0","1","0","0","0"
"runtime-regression-P-adaptive","720-motion-False","2","0","0","1","0","0","0"
"runtime-regression-P-adaptive","720-motion-False","3","1","1","0","0.179758549","0.68498987","0.148459896"
"runtime-regression-P-adaptive","720-motion-False","4","1","2","0","0.190655202","0.513110399","0.280174583"
"runtime-regression-P-adaptive","720-motion-False","5","0","0","7","0.203053579","0.614142835","0.356506735"
"runtime-regression-P-adaptive","720-motion-False","6","1","1","0","0.170375571","0.612804353","0.0559836961"
"runtime-regression-P-adaptive","720-motion-False","7","1","2","0","0.183160484","0.644638598","0.109642655"
"runtime-regression-P-adaptive","720-motion-False","8","1","3","0","0.180838525","0.395154685","0.171939477"
"runtime-regression-P-adaptive","720-motion-False","9","0","0","3","0.199422807","0.499130189","0.210371464"
"runtime-regression-P-adaptive","720-motion-False","10","1","1","0","0.186378524","0.608595848","0.0606680587"
"runtime-regression-P-adaptive","720-motion-False","11","1","2","0","0.189603701","0.571736336","0.12593545"
"runtime-regression-P-adaptive","720-motion-False","12","1","3","0","0.205991864","0.728644013","0.194780156"
"runtime-regression-P-adaptive","720-motion-True","1","0","0","1","0","0","0"
"runtime-regression-P-adaptive","720-motion-True","2","0","0","1","0","0","0"
"runtime-regression-P-adaptive","720-motion-True","3","1","1","0","0.179758549","0.68498987","0.148459896"
"runtime-regression-P-adaptive","720-motion-True","4","1","2","0","0.190655202","0.513110399","0.280174583"
"runtime-regression-P-adaptive","720-motion-True","5","0","0","7","0.203053579","0.614142835","0.356506735"
"runtime-regression-P-adaptive","720-motion-True","6","1","1","0","0.170375571","0.612804353","0.0559836961"
"runtime-regression-P-adaptive","720-motion-True","7","1","2","0","0.183160484","0.644638598","0.109642655"
"runtime-regression-P-adaptive","720-motion-True","8","1","3","0","0.180838525","0.395154685","0.171939477"
"runtime-regression-P-adaptive","720-motion-True","9","0","0","3","0.199422807","0.499130189","0.210371464"
"runtime-regression-P-adaptive","720-motion-True","10","1","1","0","0.186378524","0.608595848","0.0606680587"
"runtime-regression-P-adaptive","720-motion-True","11","1","2","0","0.189603701","0.571736336","0.12593545"
"runtime-regression-P-adaptive","720-motion-True","12","1","3","0","0.205991864","0.728644013","0.194780156"
"runtime-regression-P-adaptive","900-history-False","1","0","0","1","0","0","0"
"runtime-regression-P-adaptive","900-history-False","2","0","0","1","0","0","0"
"runtime-regression-P-adaptive","900-history-False","3","0","0","5","0.236883536","0.777998686","0.337181479"
"runtime-regression-P-adaptive","900-history-False","4","1","1","0","0.218278363","0.639033198","0.20521611"
"runtime-regression-P-adaptive","900-history-False","5","0","0","5","0.253580093","0.716157258","0.438933045"
"runtime-regression-P-adaptive","900-history-False","6","0","0","5","0.230524808","0.734965682","0.180765718"
"runtime-regression-P-adaptive","900-history-False","7","0","0","5","0.234830797","0.650515616","0.187283829"
"runtime-regression-P-adaptive","900-history-False","8","0","0","5","0.223538965","0.657340884","0.238527909"
"runtime-regression-P-adaptive","900-history-False","9","0","0","5","0.229861602","0.843553662","0.221229911"
"runtime-regression-P-adaptive","900-history-False","10","0","0","5","0.223860994","0.72243917","0.361868858"
"runtime-regression-P-adaptive","900-history-False","11","0","0","5","0.227424219","0.657408297","0.404010236"
"runtime-regression-P-adaptive","900-history-False","12","0","0","5","0.230281889","0.705622911","0.305587113"
"runtime-regression-P-adaptive","900-history-True","1","0","0","1","0","0","0"
"runtime-regression-P-adaptive","900-history-True","2","0","0","1","0","0","0"
"runtime-regression-P-adaptive","900-history-True","3","0","0","5","0.236883536","0.777998686","0.337181479"
"runtime-regression-P-adaptive","900-history-True","4","1","1","0","0.218278363","0.639033198","0.20521611"
"runtime-regression-P-adaptive","900-history-True","5","0","0","5","0.253580093","0.716157258","0.438933045"
"runtime-regression-P-adaptive","900-history-True","6","0","0","5","0.230524808","0.734965682","0.180765718"
"runtime-regression-P-adaptive","900-history-True","7","0","0","5","0.234830797","0.650515616","0.187283829"
"runtime-regression-P-adaptive","900-history-True","8","0","0","5","0.223538965","0.657340884","0.238527909"
"runtime-regression-P-adaptive","900-history-True","9","0","0","5","0.229861602","0.843553662","0.221229911"
"runtime-regression-P-adaptive","900-history-True","10","0","0","5","0.223860994","0.72243917","0.361868858"
"runtime-regression-P-adaptive","900-history-True","11","0","0","5","0.227424219","0.657408297","0.404010236"
"runtime-regression-P-adaptive","900-history-True","12","0","0","5","0.230281889","0.705622911","0.305587113"
"runtime-regression-P-adaptive","1080-history-False","1","0","0","1","0","0","0"
"runtime-regression-P-adaptive","1080-history-False","2","0","0","1","0","0","0"
"runtime-regression-P-adaptive","1080-history-False","3","0","0","5","0.2309338","0.582692325","0.414182812"
"runtime-regression-P-adaptive","1080-history-False","4","0","0","5","0.220918119","0.528702974","0.48794657"
"runtime-regression-P-adaptive","1080-history-False","5","0","0","5","0.22505936","0.615643501","0.531080842"
"runtime-regression-P-adaptive","1080-history-False","6","0","0","7","0.217719927","0.593941152","0.573270559"
"runtime-regression-P-adaptive","1080-history-False","7","0","0","5","0.228360757","0.639649212","0.534400463"
"runtime-regression-P-adaptive","1080-history-False","8","1","1","0","0.219200358","0.614564896","0.235845551"
"runtime-regression-P-adaptive","1080-history-False","9","0","0","5","0.256387472","0.768023312","0.459760904"
"runtime-regression-P-adaptive","1080-history-False","10","0","0","5","0.222264037","0.655109525","0.199174508"
"runtime-regression-P-adaptive","1080-history-False","11","0","0","5","0.226885706","0.527060211","0.234183535"
"runtime-regression-P-adaptive","1080-history-False","12","0","0","5","0.224516988","0.736372769","0.386135578"
"runtime-regression-P-adaptive","1080-history-True","1","0","0","1","0","0","0"
"runtime-regression-P-adaptive","1080-history-True","2","0","0","1","0","0","0"
"runtime-regression-P-adaptive","1080-history-True","3","0","0","5","0.2309338","0.582692325","0.414182812"
"runtime-regression-P-adaptive","1080-history-True","4","0","0","5","0.220918119","0.528702974","0.48794657"
"runtime-regression-P-adaptive","1080-history-True","5","0","0","5","0.22505936","0.615643501","0.531080842"
"runtime-regression-P-adaptive","1080-history-True","6","0","0","7","0.217719927","0.593941152","0.573270559"
"runtime-regression-P-adaptive","1080-history-True","7","0","0","5","0.228360757","0.639649212","0.534400463"
"runtime-regression-P-adaptive","1080-history-True","8","1","1","0","0.219200358","0.614564896","0.235845551"
"runtime-regression-P-adaptive","1080-history-True","9","0","0","5","0.256387472","0.768023312","0.459760904"
"runtime-regression-P-adaptive","1080-history-True","10","0","0","5","0.222264037","0.655109525","0.199174508"
"runtime-regression-P-adaptive","1080-history-True","11","0","0","5","0.226885706","0.527060211","0.234183535"
"runtime-regression-P-adaptive","1080-history-True","12","0","0","5","0.224516988","0.736372769","0.386135578"
