"file","sha"
"gfx1200/boundary-fast.hsaco","71afc8157c410d849b57a9823feb7a7107013306ae6f9adb55c51eb2a5888c6f"
"gfx1200/boundary_reference.hsaco","693547dec3c6e47900aba1e85f220304f2bfb19313f2b1d7403561f46cf3d6cf"
"gfx1200/c32-wave1.hsaco","df29c19ffe9a2b2cc0a7c110919e8987fe0d618c870e521a8bf20f28c2cfbffa"
"gfx1200/c32_fast.hsaco","fff987b9ada5af154b3862cc2d2b8b0474a2aa82c6271e7ea378fc473b2ff617"
"gfx1200/c32_fast_attention.hsaco","169de549aa946cbba505260de2d7a0b228ed93f2e2806d005f874c4009c18b6c"
"gfx1200/c32_fused_attention.hsaco","2b66deb6c8c17bde5e27734f49d205da2651222a860a9183d5f1b88b41f893a6"
"gfx1200/c32_fused_ffn_attention-packed.hsaco","575837dbe03cafadea219a535b66336cd822e74111d00d5d168a681fc8e9cc5a"
"gfx1200/c32_fused_ffn_attention.hsaco","3f2c7e312bed2f84e47e2013a5d16540f2e07dea9f4d9f6d7f69dc0f882be917"
"gfx1200/c32_prefix_reference.hsaco","6c465595b7d997a011c92d7c1be7ee505bfa7ae6ed40f4af522a0e0c8153610e"
"gfx1200/c32_tiled.hsaco","9a2b98313a62611fee3ab230dcd44ac794c1cbb1a2cccc3598939612ca8a995a"
"gfx1200/c32_wmma.hsaco","576afa15b5e76b2ff10eec95ff585e60ab8b7055f0f3ee3df41478a3feef46a7"
"gfx1200/c512-m32-deep.hsaco","7c6897ecd7fd7fd26382b3bf3ba50c570d967a8d5dac3c43060632aedda85170"
"gfx1200/c512-m32-mh.hsaco","ec9e8d92dc4ac6b171f0cc50b3c4b9daaa4925b95c37d5bb7865de2aa879d787"
"gfx1200/c64-wave2.hsaco","b6359c055e1298e2d9bfff18752329bcba615f22e91259f9819cc9c5c715a6fb"
"gfx1200/deep_fast-packed.hsaco","54b287af72e0956b56bf10955df70f538b439cd8e2cf709bf8600347fca219be"
"gfx1200/deep_fast.hsaco","b7800509d90133aa495595bb8ad3925f4f0c716d6b5fcc46bd7c8dc597d370e4"
"gfx1200/deep_reference.hsaco","c2779cdff408360721e5cd1312d945ae1951cffc955893821efd75724c67852e"
"gfx1200/deep_wmma.hsaco","6b708483d0a9fcee96967862e92aa5895be969ab2316749eb5860cfe39be0af1"
"gfx1200/multihead-fast-packed.hsaco","8d602696b3d97d6dbac759350951d744d4aa37578abcdde52bee681ef68718c4"
"gfx1200/multihead-fast-padded-wave-packed.hsaco","b235b6f60025b432d5bc44c886ca3094f8bea3586f592b224922d2210eb6766a"
"gfx1200/multihead-fast-padded-wave.hsaco","f35ad8c356e22d8b5474e5a6429aee452113bd347bade064ae0ccfff1c881ee3"
"gfx1200/multihead-fast.hsaco","04d80a8cf63d5b0d908ecfbc3d25d12a3e4087be5fbc0ecb962d8e7fe8d6aeba"
"gfx1200/multihead-reference.hsaco","4b02890caad85a42c185180cfd65b5051cd01d8402f8ec21536d9779ba3144d6"
"gfx1200/multihead-tiled.hsaco","10aa32a6735464d21f37e197423942e7d33333c667b035f8300b9819a8fcc88e"
"gfx1200/multihead-wmma.hsaco","8c1a097bfa170eba0c0ce51e44cc8f6f7521e2b64d6eff3e07230deb64d419ad"
"gfx1200/multihead_fused_attention.hsaco","5b1cad8f5b5061fbdf9d26c98c68785f4a57e359bfdaab6b0a330e51f59db10b"
"gfx1200/prefix_fast.hsaco","34af1ca2602f9b0267294d2a4e3e7a4f2c7c218ef879966824a7b3d7d46e62c0"
"gfx1200/vit-stream.hsaco","742b58adf52781af5fdece01f6bf8976fc182b3250862d7aff8af2d0c24abf54"
"gfx1200/vit-wide-deep.hsaco","ed2e228c07e885cd6ad2e966cbbe81a3bbb51988567f64b855b41c6dc01c4015"
"gfx1200/wave-pointwise.hsaco","1cff01355f32152834286c303d38efd05628757c6d4e0fd7f1c0a0f3db9e701f"
"gfx1201/boundary-fast.hsaco","40fa66062eca6bbe654e480944783c27b9bd93970696e1ffca9bbc8773ca9700"
"gfx1201/boundary_reference.hsaco","1b1a514743924d43542ed9ac30e4ca50ec6e84e62d2bafab1960aaf061e0adc8"
"gfx1201/c32-wave1.hsaco","d5cca49957b8b3db4bacc4a821fd4f754edba0fcadada79db3bb4cdbd9904cb7"
"gfx1201/c32_fast.hsaco","a639601561123594f6d8b335f884f4e229338875f460213af1396bc2f28c90ec"
"gfx1201/c32_fast_attention.hsaco","b3abd5620764f5a5ba4d86fb439e0a57688e346afdd5945f6f1d9067da6d032c"
"gfx1201/c32_fused_attention.hsaco","5091d35e5ac53e4a8d16de2f5fb1c8c057159c72d6605faeb5a5ca7daa65aacd"
"gfx1201/c32_fused_ffn_attention-packed.hsaco","f8d140dc702f2bd8b22a37e15a12ac901be7d493ee5fa03337af6dcd6eddaf85"
"gfx1201/c32_fused_ffn_attention.hsaco","16726c35e7d094feed5d1924d4d39a5f2102997d4c25e3986e444a251b0588af"
"gfx1201/c32_prefix_reference.hsaco","b3835edeb77c51fe199e5f1f45bdeef2f5e2f2550dca42d826fb6b63ff373d6d"
"gfx1201/c32_tiled.hsaco","6e7db748fbd492cd566f208a1aa3b7e48a42a9c0d8b31022148469bb46d01e8f"
"gfx1201/c32_wmma.hsaco","4d239ca134400ee2b42c60f99dc24202f9a4fd38c21a471c01a98217df04b294"
"gfx1201/c512-m32-deep.hsaco","b03dde0f3020b63811bb80be64b4177210d342b03b5093e51f9f1c8c044f0fcf"
"gfx1201/c512-m32-mh.hsaco","4bb9b847649773a521cbeaaa3ab0b569aa485d94868560e2e25e923c6e8b943c"
"gfx1201/c64-wave2.hsaco","c8a88d27be37a1a1c69282b07c55d22e5b5025dbf9978c8ac76f65ad118a5fd5"
"gfx1201/deep_fast-packed.hsaco","7aa3a1c765d1c29d926c090e1531e86d65156f880b152d94ee8c58d80e5ae2d7"
"gfx1201/deep_fast.hsaco","e89492644074ee2e6a68d0bd64bf39ee2fc0bb788f3b73bd505d9584f26dd305"
"gfx1201/deep_reference.hsaco","0d2e3e9658a8abc53be68b6fc108ce57594784d3ed56f237bedd9766d86db895"
"gfx1201/deep_wmma.hsaco","b562c8986300b0517818ae54a46108e725e1ecc6c6b6c88a3b7fa14c749a5b2f"
"gfx1201/multihead-fast-packed.hsaco","31e258756683b9a60e455c1c315c7b22b9605d90ae784891073fb6c74ba8ead7"
"gfx1201/multihead-fast-padded-wave-packed.hsaco","1d0103a7a977b256d93c31dcdd3e12b6be7ccfc15fb1e473d30cc6f64490ad2f"
"gfx1201/multihead-fast-padded-wave.hsaco","fda0068d36fca2f08a512166cfaf4d95d59dd3ed573c5e06169b9ce1f9ec7bc3"
"gfx1201/multihead-fast.hsaco","3493fb0ede45f233a5d09472bd7a76d7532387f1fd6b0c835d46c20c0d196c9a"
"gfx1201/multihead-reference.hsaco","1cfa639e9f37b7872c69d738c7332b58eaaf0539caf720cc29a844e770fc8cbe"
"gfx1201/multihead-tiled.hsaco","3799ae40ecec89796132bf6464a76faf1adfffe65df2f5e6406f47a86f67aa81"
"gfx1201/multihead-wmma.hsaco","bfc99774435fcf89985a795ea6e1c20de3335053097b40206839adf687d0e226"
"gfx1201/multihead_fused_attention.hsaco","f7f23560d490868eacb161d7e49c958548faaa1d61384014ea0859b5e8cef1b9"
"gfx1201/prefix_fast.hsaco","a195c115f8930a467d2113d076435be5ee784106c9f15215832eee54c5680f34"
"gfx1201/vit-stream.hsaco","9585eee07b3cafb86e41f611f7762006fb6482bfcc25fe436eff98402443acd3"
"gfx1201/vit-wide-deep.hsaco","1d590b9279fde04874b7baf07e6ea827c228fa7aa4e72397d9e8d341d93ef7c4"
"gfx1201/wave-pointwise.hsaco","5e65693da46044b697218194bb17ec8453952fa4a4a684c6ecc59df1cecf12aa"
