"set_batch","tag","frame","sha256"
"runtime-regression-P-correct","900-static-False","rgb-frame-0.f16","75AABA5EF94368353F3F17C034B53918151AA2EBC98FF870B2A057D08AE910AB"
"runtime-regression-P-correct","900-static-False","rgb-frame-1.f16","75AABA5EF94368353F3F17C034B53918151AA2EBC98FF870B2A057D08AE910AB"
"runtime-regression-P-correct","900-static-False","rgb-frame-2.f16","75AABA5EF94368353F3F17C034B53918151AA2EBC98FF870B2A057D08AE910AB"
"runtime-regression-P-correct","900-static-False","rgb-frame-3.f16","75AABA5EF94368353F3F17C034B53918151AA2EBC98FF870B2A057D08AE910AB"
"runtime-regression-P-correct","900-static-False","rgb-frame-4.f16","75AABA5EF94368353F3F17C034B53918151AA2EBC98FF870B2A057D08AE910AB"
"runtime-regression-P-correct","900-static-False","rgb-frame-5.f16","75AABA5EF94368353F3F17C034B53918151AA2EBC98FF870B2A057D08AE910AB"
"runtime-regression-P-correct","900-static-False","rgb-frame-6.f16","75AABA5EF94368353F3F17C034B53918151AA2EBC98FF870B2A057D08AE910AB"
"runtime-regression-P-correct","900-static-False","rgb-frame-7.f16","75AABA5EF94368353F3F17C034B53918151AA2EBC98FF870B2A057D08AE910AB"
"runtime-regression-P-correct","900-static-False","rgb-frame-8.f16","75AABA5EF94368353F3F17C034B53918151AA2EBC98FF870B2A057D08AE910AB"
"runtime-regression-P-correct","900-static-False","rgb-frame-9.f16","75AABA5EF94368353F3F17C034B53918151AA2EBC98FF870B2A057D08AE910AB"
"runtime-regression-P-correct","900-static-False","rgb-frame-10.f16","75AABA5EF94368353F3F17C034B53918151AA2EBC98FF870B2A057D08AE910AB"
"runtime-regression-P-correct","900-static-False","rgb-frame-11.f16","75AABA5EF94368353F3F17C034B53918151AA2EBC98FF870B2A057D08AE910AB"
"runtime-regression-P-correct","900-static-True","rgb-frame-0.f16","75AABA5EF94368353F3F17C034B53918151AA2EBC98FF870B2A057D08AE910AB"
"runtime-regression-P-correct","900-static-True","rgb-frame-1.f16","75AABA5EF94368353F3F17C034B53918151AA2EBC98FF870B2A057D08AE910AB"
"runtime-regression-P-correct","900-static-True","rgb-frame-2.f16","75AABA5EF94368353F3F17C034B53918151AA2EBC98FF870B2A057D08AE910AB"
"runtime-regression-P-correct","900-static-True","rgb-frame-3.f16","75AABA5EF94368353F3F17C034B53918151AA2EBC98FF870B2A057D08AE910AB"
"runtime-regression-P-correct","900-static-True","rgb-frame-4.f16","75AABA5EF94368353F3F17C034B53918151AA2EBC98FF870B2A057D08AE910AB"
"runtime-regression-P-correct","900-static-True","rgb-frame-5.f16","75AABA5EF94368353F3F17C034B53918151AA2EBC98FF870B2A057D08AE910AB"
"runtime-regression-P-correct","900-static-True","rgb-frame-6.f16","75AABA5EF94368353F3F17C034B53918151AA2EBC98FF870B2A057D08AE910AB"
"runtime-regression-P-correct","900-static-True","rgb-frame-7.f16","75AABA5EF94368353F3F17C034B53918151AA2EBC98FF870B2A057D08AE910AB"
"runtime-regression-P-correct","900-static-True","rgb-frame-8.f16","75AABA5EF94368353F3F17C034B53918151AA2EBC98FF870B2A057D08AE910AB"
"runtime-regression-P-correct","900-static-True","rgb-frame-9.f16","75AABA5EF94368353F3F17C034B53918151AA2EBC98FF870B2A057D08AE910AB"
"runtime-regression-P-correct","900-static-True","rgb-frame-10.f16","75AABA5EF94368353F3F17C034B53918151AA2EBC98FF870B2A057D08AE910AB"
"runtime-regression-P-correct","900-static-True","rgb-frame-11.f16","75AABA5EF94368353F3F17C034B53918151AA2EBC98FF870B2A057D08AE910AB"
"runtime-regression-P-correct","900-motion-False","rgb-frame-0.f16","75AABA5EF94368353F3F17C034B53918151AA2EBC98FF870B2A057D08AE910AB"
"runtime-regression-P-correct","900-motion-False","rgb-frame-1.f16","092E30DE447D43FC2BCAC9D5965EC4BC5042CF64FA4428F7DD681BF157804DC5"
"runtime-regression-P-correct","900-motion-False","rgb-frame-2.f16","62B465754FB994510AD0BAE6013ACEDCF96523FDF4FACB4A31165346D52BDDA7"
"runtime-regression-P-correct","900-motion-False","rgb-frame-3.f16","2B8A7C208C3A60DB14E41CEB955A8E739599C934F2162543E8D4D0B397FAADA4"
"runtime-regression-P-correct","900-motion-False","rgb-frame-4.f16","1285D74F82ACFF37F4F4BDF25D59AFF2ACAC261486ED253109EE37737C141C4F"
"runtime-regression-P-correct","900-motion-False","rgb-frame-5.f16","7CC1E15799AF0EE02D5DC7754721880E210E96A41F695BC38337FC0912104471"
"runtime-regression-P-correct","900-motion-False","rgb-frame-6.f16","11C0851FED39FDAD5EE318E9C853F5E7E53DFB349899312D1F59DDC19693FE49"
"runtime-regression-P-correct","900-motion-False","rgb-frame-7.f16","F3DF3E6A6F22CF9779DD9250AA11FFF4A9BBC60DBF4D99E205D9F10B041BAF25"
"runtime-regression-P-correct","900-motion-False","rgb-frame-8.f16","5B265816D3AC03A67FEAB0ACA16649BD4F60604DEE59774921A55D3F5010616E"
"runtime-regression-P-correct","900-motion-False","rgb-frame-9.f16","D5300E62A967D00C8224CBA7A831E69C84544E5583314DE42FB501D3B4AACB9A"
"runtime-regression-P-correct","900-motion-False","rgb-frame-10.f16","A2A1624A2290768F4C29BC227FAE8DE9133644E6D40867FC160BE67516AF3F32"
"runtime-regression-P-correct","900-motion-False","rgb-frame-11.f16","5104F039569FE20C0EDCAB1FB68D56DB041406F3DDB38FC49DD2DD1D1EC636D1"
"runtime-regression-P-correct","900-motion-True","rgb-frame-0.f16","75AABA5EF94368353F3F17C034B53918151AA2EBC98FF870B2A057D08AE910AB"
"runtime-regression-P-correct","900-motion-True","rgb-frame-1.f16","092E30DE447D43FC2BCAC9D5965EC4BC5042CF64FA4428F7DD681BF157804DC5"
"runtime-regression-P-correct","900-motion-True","rgb-frame-2.f16","62B465754FB994510AD0BAE6013ACEDCF96523FDF4FACB4A31165346D52BDDA7"
"runtime-regression-P-correct","900-motion-True","rgb-frame-3.f16","2B8A7C208C3A60DB14E41CEB955A8E739599C934F2162543E8D4D0B397FAADA4"
"runtime-regression-P-correct","900-motion-True","rgb-frame-4.f16","1285D74F82ACFF37F4F4BDF25D59AFF2ACAC261486ED253109EE37737C141C4F"
"runtime-regression-P-correct","900-motion-True","rgb-frame-5.f16","7CC1E15799AF0EE02D5DC7754721880E210E96A41F695BC38337FC0912104471"
"runtime-regression-P-correct","900-motion-True","rgb-frame-6.f16","11C0851FED39FDAD5EE318E9C853F5E7E53DFB349899312D1F59DDC19693FE49"
"runtime-regression-P-correct","900-motion-True","rgb-frame-7.f16","F3DF3E6A6F22CF9779DD9250AA11FFF4A9BBC60DBF4D99E205D9F10B041BAF25"
"runtime-regression-P-correct","900-motion-True","rgb-frame-8.f16","5B265816D3AC03A67FEAB0ACA16649BD4F60604DEE59774921A55D3F5010616E"
"runtime-regression-P-correct","900-motion-True","rgb-frame-9.f16","D5300E62A967D00C8224CBA7A831E69C84544E5583314DE42FB501D3B4AACB9A"
"runtime-regression-P-correct","900-motion-True","rgb-frame-10.f16","A2A1624A2290768F4C29BC227FAE8DE9133644E6D40867FC160BE67516AF3F32"
"runtime-regression-P-correct","900-motion-True","rgb-frame-11.f16","5104F039569FE20C0EDCAB1FB68D56DB041406F3DDB38FC49DD2DD1D1EC636D1"
"runtime-regression-P-correct","1080-static-False","rgb-frame-0.f16","1DE20C219105CC281CBA1364A0A21D0DDC4510A95458EC0CA3B8C893EA54F23A"
"runtime-regression-P-correct","1080-static-False","rgb-frame-1.f16","1DE20C219105CC281CBA1364A0A21D0DDC4510A95458EC0CA3B8C893EA54F23A"
"runtime-regression-P-correct","1080-static-False","rgb-frame-2.f16","1DE20C219105CC281CBA1364A0A21D0DDC4510A95458EC0CA3B8C893EA54F23A"
"runtime-regression-P-correct","1080-static-False","rgb-frame-3.f16","1DE20C219105CC281CBA1364A0A21D0DDC4510A95458EC0CA3B8C893EA54F23A"
"runtime-regression-P-correct","1080-static-False","rgb-frame-4.f16","1DE20C219105CC281CBA1364A0A21D0DDC4510A95458EC0CA3B8C893EA54F23A"
"runtime-regression-P-correct","1080-static-False","rgb-frame-5.f16","1DE20C219105CC281CBA1364A0A21D0DDC4510A95458EC0CA3B8C893EA54F23A"
"runtime-regression-P-correct","1080-static-False","rgb-frame-6.f16","1DE20C219105CC281CBA1364A0A21D0DDC4510A95458EC0CA3B8C893EA54F23A"
"runtime-regression-P-correct","1080-static-False","rgb-frame-7.f16","1DE20C219105CC281CBA1364A0A21D0DDC4510A95458EC0CA3B8C893EA54F23A"
"runtime-regression-P-correct","1080-static-False","rgb-frame-8.f16","1DE20C219105CC281CBA1364A0A21D0DDC4510A95458EC0CA3B8C893EA54F23A"
"runtime-regression-P-correct","1080-static-False","rgb-frame-9.f16","1DE20C219105CC281CBA1364A0A21D0DDC4510A95458EC0CA3B8C893EA54F23A"
"runtime-regression-P-correct","1080-static-False","rgb-frame-10.f16","1DE20C219105CC281CBA1364A0A21D0DDC4510A95458EC0CA3B8C893EA54F23A"
"runtime-regression-P-correct","1080-static-False","rgb-frame-11.f16","1DE20C219105CC281CBA1364A0A21D0DDC4510A95458EC0CA3B8C893EA54F23A"
"runtime-regression-P-correct","1080-static-True","rgb-frame-0.f16","1DE20C219105CC281CBA1364A0A21D0DDC4510A95458EC0CA3B8C893EA54F23A"
"runtime-regression-P-correct","1080-static-True","rgb-frame-1.f16","1DE20C219105CC281CBA1364A0A21D0DDC4510A95458EC0CA3B8C893EA54F23A"
"runtime-regression-P-correct","1080-static-True","rgb-frame-2.f16","1DE20C219105CC281CBA1364A0A21D0DDC4510A95458EC0CA3B8C893EA54F23A"
"runtime-regression-P-correct","1080-static-True","rgb-frame-3.f16","1DE20C219105CC281CBA1364A0A21D0DDC4510A95458EC0CA3B8C893EA54F23A"
"runtime-regression-P-correct","1080-static-True","rgb-frame-4.f16","1DE20C219105CC281CBA1364A0A21D0DDC4510A95458EC0CA3B8C893EA54F23A"
"runtime-regression-P-correct","1080-static-True","rgb-frame-5.f16","1DE20C219105CC281CBA1364A0A21D0DDC4510A95458EC0CA3B8C893EA54F23A"
"runtime-regression-P-correct","1080-static-True","rgb-frame-6.f16","1DE20C219105CC281CBA1364A0A21D0DDC4510A95458EC0CA3B8C893EA54F23A"
"runtime-regression-P-correct","1080-static-True","rgb-frame-7.f16","1DE20C219105CC281CBA1364A0A21D0DDC4510A95458EC0CA3B8C893EA54F23A"
"runtime-regression-P-correct","1080-static-True","rgb-frame-8.f16","1DE20C219105CC281CBA1364A0A21D0DDC4510A95458EC0CA3B8C893EA54F23A"
"runtime-regression-P-correct","1080-static-True","rgb-frame-9.f16","1DE20C219105CC281CBA1364A0A21D0DDC4510A95458EC0CA3B8C893EA54F23A"
"runtime-regression-P-correct","1080-static-True","rgb-frame-10.f16","1DE20C219105CC281CBA1364A0A21D0DDC4510A95458EC0CA3B8C893EA54F23A"
"runtime-regression-P-correct","1080-static-True","rgb-frame-11.f16","1DE20C219105CC281CBA1364A0A21D0DDC4510A95458EC0CA3B8C893EA54F23A"
"runtime-regression-P-correct","1080-motion-False","rgb-frame-0.f16","1DE20C219105CC281CBA1364A0A21D0DDC4510A95458EC0CA3B8C893EA54F23A"
"runtime-regression-P-correct","1080-motion-False","rgb-frame-1.f16","CC5A1EC9200EAE1A593274A028857CD6A2716E484FC60458A270F5A951E8FC31"
"runtime-regression-P-correct","1080-motion-False","rgb-frame-2.f16","A6B50EB44CAA964C14C94297637DA9515E8D781D2D2F58FC7CC5E5A0CD6C2236"
"runtime-regression-P-correct","1080-motion-False","rgb-frame-3.f16","0534759CAE267CE32689DE4BEA17F7DA070E857381B3B5911D61DC4143374D91"
"runtime-regression-P-correct","1080-motion-False","rgb-frame-4.f16","3D68B5461339BB57E742F2B2B3F9E344EFEA0CABF5A837CF4A09EC869008BED5"
"runtime-regression-P-correct","1080-motion-False","rgb-frame-5.f16","86F0247DC5815203D4DE23CA147E529348601268E87FBF69D0551D08AA1EDE06"
"runtime-regression-P-correct","1080-motion-False","rgb-frame-6.f16","D3169D119CD786C95F0F20366F8CD00446609D7B352DA1F8479E5AEE69BFE108"
"runtime-regression-P-correct","1080-motion-False","rgb-frame-7.f16","377277B12BC1430F1792BC9E8887FD2347AF3916CCD693D1983D61396EABD9C1"
"runtime-regression-P-correct","1080-motion-False","rgb-frame-8.f16","49F265C445401F92DFC5DEC6A0DF97335CC1E9118A6B9B2418AAB8FF60426B48"
"runtime-regression-P-correct","1080-motion-False","rgb-frame-9.f16","8A4B17F59D2815C18525BA04D279829502F8060D1719C621CAB0BF60A99A1660"
"runtime-regression-P-correct","1080-motion-False","rgb-frame-10.f16","972C9899E1E679BA1959C67C9AAE24128752B5625EFDFC5F1293DC341D232FBA"
"runtime-regression-P-correct","1080-motion-False","rgb-frame-11.f16","3D1B0382BD68F589EF9E7498380B0C9FE63C7A2F41CEA252BEDD216973A17E21"
"runtime-regression-P-correct","1080-motion-True","rgb-frame-0.f16","1DE20C219105CC281CBA1364A0A21D0DDC4510A95458EC0CA3B8C893EA54F23A"
"runtime-regression-P-correct","1080-motion-True","rgb-frame-1.f16","CC5A1EC9200EAE1A593274A028857CD6A2716E484FC60458A270F5A951E8FC31"
"runtime-regression-P-correct","1080-motion-True","rgb-frame-2.f16","A6B50EB44CAA964C14C94297637DA9515E8D781D2D2F58FC7CC5E5A0CD6C2236"
"runtime-regression-P-correct","1080-motion-True","rgb-frame-3.f16","0534759CAE267CE32689DE4BEA17F7DA070E857381B3B5911D61DC4143374D91"
"runtime-regression-P-correct","1080-motion-True","rgb-frame-4.f16","3D68B5461339BB57E742F2B2B3F9E344EFEA0CABF5A837CF4A09EC869008BED5"
"runtime-regression-P-correct","1080-motion-True","rgb-frame-5.f16","86F0247DC5815203D4DE23CA147E529348601268E87FBF69D0551D08AA1EDE06"
"runtime-regression-P-correct","1080-motion-True","rgb-frame-6.f16","D3169D119CD786C95F0F20366F8CD00446609D7B352DA1F8479E5AEE69BFE108"
"runtime-regression-P-correct","1080-motion-True","rgb-frame-7.f16","377277B12BC1430F1792BC9E8887FD2347AF3916CCD693D1983D61396EABD9C1"
"runtime-regression-P-correct","1080-motion-True","rgb-frame-8.f16","49F265C445401F92DFC5DEC6A0DF97335CC1E9118A6B9B2418AAB8FF60426B48"
"runtime-regression-P-correct","1080-motion-True","rgb-frame-9.f16","8A4B17F59D2815C18525BA04D279829502F8060D1719C621CAB0BF60A99A1660"
"runtime-regression-P-correct","1080-motion-True","rgb-frame-10.f16","972C9899E1E679BA1959C67C9AAE24128752B5625EFDFC5F1293DC341D232FBA"
"runtime-regression-P-correct","1080-motion-True","rgb-frame-11.f16","3D1B0382BD68F589EF9E7498380B0C9FE63C7A2F41CEA252BEDD216973A17E21"
"runtime-regression-P-correct","720-motion-False","rgb-frame-0.f16","7C8123612C47C98F3D152E40AC504BE813DEE83EC8C226D4C4E58828ECBEB384"
"runtime-regression-P-correct","720-motion-False","rgb-frame-1.f16","FB08EFC2121242BEC899691646074229CD95D4360F0F39922275F8AF4EE0177E"
"runtime-regression-P-correct","720-motion-False","rgb-frame-2.f16","CB11CAF484B4BF02A9C59C8E4BCE18FC2AF859C22D03FBE8E528327D9C16D465"
"runtime-regression-P-correct","720-motion-False","rgb-frame-3.f16","7A071F0E41ABAB6E47FDC5F008C49760F3010C251C1C637C84288B4C48C2B33C"
"runtime-regression-P-correct","720-motion-False","rgb-frame-4.f16","49A29F523111E10BC52A69D8F0870112BE09ABE230F32BE0D8E09A37AFF17DB2"
"runtime-regression-P-correct","720-motion-False","rgb-frame-5.f16","604A6272B9BC2B87E899B277DB4A87DB379361C2FBCDAEF89A4C197AF50822AF"
"runtime-regression-P-correct","720-motion-False","rgb-frame-6.f16","1A37FD22BD37A6700D194F4D116D9739EEEA891D27467A361CC78D2187819CC8"
"runtime-regression-P-correct","720-motion-False","rgb-frame-7.f16","7A0EE170F8F1E99D84C0A27CA14C91C06461B98820AF7DB039617C9D7FFBD7D1"
"runtime-regression-P-correct","720-motion-False","rgb-frame-8.f16","49A41D212BD7A8C66C320A034FB452F5C9762C62C5C23C4805C2F9AE268B84DB"
"runtime-regression-P-correct","720-motion-False","rgb-frame-9.f16","359463C15F890E5FFAC514D1E7FA0CA9DD5A00164C47F2D2B58DEF4A7F5BAF55"
"runtime-regression-P-correct","720-motion-False","rgb-frame-10.f16","0C081A4EC6FEC7A6E3F748AEBE8C864B79BA7A76C102997D6547345C7AB0B77E"
"runtime-regression-P-correct","720-motion-False","rgb-frame-11.f16","9B53BE7A73C0D397DC56BF5810778E69D123BFD81C48FCDBCB642526361A5F53"
"runtime-regression-P-correct","720-motion-True","rgb-frame-0.f16","7C8123612C47C98F3D152E40AC504BE813DEE83EC8C226D4C4E58828ECBEB384"
"runtime-regression-P-correct","720-motion-True","rgb-frame-1.f16","FB08EFC2121242BEC899691646074229CD95D4360F0F39922275F8AF4EE0177E"
"runtime-regression-P-correct","720-motion-True","rgb-frame-2.f16","CB11CAF484B4BF02A9C59C8E4BCE18FC2AF859C22D03FBE8E528327D9C16D465"
"runtime-regression-P-correct","720-motion-True","rgb-frame-3.f16","7A071F0E41ABAB6E47FDC5F008C49760F3010C251C1C637C84288B4C48C2B33C"
"runtime-regression-P-correct","720-motion-True","rgb-frame-4.f16","49A29F523111E10BC52A69D8F0870112BE09ABE230F32BE0D8E09A37AFF17DB2"
"runtime-regression-P-correct","720-motion-True","rgb-frame-5.f16","604A6272B9BC2B87E899B277DB4A87DB379361C2FBCDAEF89A4C197AF50822AF"
"runtime-regression-P-correct","720-motion-True","rgb-frame-6.f16","1A37FD22BD37A6700D194F4D116D9739EEEA891D27467A361CC78D2187819CC8"
"runtime-regression-P-correct","720-motion-True","rgb-frame-7.f16","7A0EE170F8F1E99D84C0A27CA14C91C06461B98820AF7DB039617C9D7FFBD7D1"
"runtime-regression-P-correct","720-motion-True","rgb-frame-8.f16","49A41D212BD7A8C66C320A034FB452F5C9762C62C5C23C4805C2F9AE268B84DB"
"runtime-regression-P-correct","720-motion-True","rgb-frame-9.f16","359463C15F890E5FFAC514D1E7FA0CA9DD5A00164C47F2D2B58DEF4A7F5BAF55"
"runtime-regression-P-correct","720-motion-True","rgb-frame-10.f16","0C081A4EC6FEC7A6E3F748AEBE8C864B79BA7A76C102997D6547345C7AB0B77E"
"runtime-regression-P-correct","720-motion-True","rgb-frame-11.f16","9B53BE7A73C0D397DC56BF5810778E69D123BFD81C48FCDBCB642526361A5F53"
"runtime-regression-P-correct","900-history-False","rgb-frame-0.f16","75AABA5EF94368353F3F17C034B53918151AA2EBC98FF870B2A057D08AE910AB"
"runtime-regression-P-correct","900-history-False","rgb-frame-1.f16","A78FD8A7A62669ED11341D62D62B40A318DA9C024CCF69A3420C835688B3C595"
"runtime-regression-P-correct","900-history-False","rgb-frame-2.f16","A2BCE36695918D9BA5002C8D822F0D41C438B71240126530EB2C26D3C6FE3857"
"runtime-regression-P-correct","900-history-False","rgb-frame-3.f16","EAD92221C91EF3ABA35036F064D992E432E46E9E7649FDA4BC76C327D21A0413"
"runtime-regression-P-correct","900-history-False","rgb-frame-4.f16","48A5B4051D24AD740D8D1FE78B1117FE4C760F3DDF78881DE196DB23B3A8C402"
"runtime-regression-P-correct","900-history-False","rgb-frame-5.f16","66D73BB7D121FAA5FFC1D50A8509F42F3E28E08625A4715D3049A4A5FF573020"
"runtime-regression-P-correct","900-history-False","rgb-frame-6.f16","6EF28E304FD3C8F6FEF6CA4190FD3B5F419D62381F12B31DEB907635D4531A60"
"runtime-regression-P-correct","900-history-False","rgb-frame-7.f16","9C397BBD2248B9AA7C685DAB873B426E3473C0B1B2D22BBAA5E8573F89F63846"
"runtime-regression-P-correct","900-history-False","rgb-frame-8.f16","F9FABBE4C023853CFCCC1C23E2090323FD7BD13C8FC3D432FAA3BC41E9517926"
"runtime-regression-P-correct","900-history-False","rgb-frame-9.f16","F1D0D8F409D9C67C4EA55AF6A6B071A0668871DC7B726204C74E4A79E6CEAFC7"
"runtime-regression-P-correct","900-history-False","rgb-frame-10.f16","31E0677C723AD3BE53962283F82CCEDB760FC07AD746B0641B22BFD482C65A6E"
"runtime-regression-P-correct","900-history-False","rgb-frame-11.f16","5F2D6F1AD1EA8B295A52A95AC2C9BFC9E056D613E6FD889E2A2060FB36085CED"
"runtime-regression-P-correct","900-history-True","rgb-frame-0.f16","75AABA5EF94368353F3F17C034B53918151AA2EBC98FF870B2A057D08AE910AB"
"runtime-regression-P-correct","900-history-True","rgb-frame-1.f16","A78FD8A7A62669ED11341D62D62B40A318DA9C024CCF69A3420C835688B3C595"
"runtime-regression-P-correct","900-history-True","rgb-frame-2.f16","A2BCE36695918D9BA5002C8D822F0D41C438B71240126530EB2C26D3C6FE3857"
"runtime-regression-P-correct","900-history-True","rgb-frame-3.f16","EAD92221C91EF3ABA35036F064D992E432E46E9E7649FDA4BC76C327D21A0413"
"runtime-regression-P-correct","900-history-True","rgb-frame-4.f16","48A5B4051D24AD740D8D1FE78B1117FE4C760F3DDF78881DE196DB23B3A8C402"
"runtime-regression-P-correct","900-history-True","rgb-frame-5.f16","66D73BB7D121FAA5FFC1D50A8509F42F3E28E08625A4715D3049A4A5FF573020"
"runtime-regression-P-correct","900-history-True","rgb-frame-6.f16","6EF28E304FD3C8F6FEF6CA4190FD3B5F419D62381F12B31DEB907635D4531A60"
"runtime-regression-P-correct","900-history-True","rgb-frame-7.f16","9C397BBD2248B9AA7C685DAB873B426E3473C0B1B2D22BBAA5E8573F89F63846"
"runtime-regression-P-correct","900-history-True","rgb-frame-8.f16","F9FABBE4C023853CFCCC1C23E2090323FD7BD13C8FC3D432FAA3BC41E9517926"
"runtime-regression-P-correct","900-history-True","rgb-frame-9.f16","F1D0D8F409D9C67C4EA55AF6A6B071A0668871DC7B726204C74E4A79E6CEAFC7"
"runtime-regression-P-correct","900-history-True","rgb-frame-10.f16","31E0677C723AD3BE53962283F82CCEDB760FC07AD746B0641B22BFD482C65A6E"
"runtime-regression-P-correct","900-history-True","rgb-frame-11.f16","5F2D6F1AD1EA8B295A52A95AC2C9BFC9E056D613E6FD889E2A2060FB36085CED"
"runtime-regression-P-correct","1080-history-False","rgb-frame-0.f16","1DE20C219105CC281CBA1364A0A21D0DDC4510A95458EC0CA3B8C893EA54F23A"
"runtime-regression-P-correct","1080-history-False","rgb-frame-1.f16","AAEC0AD89E4705CA4090EE6C71A9379464EAF04451D311A287E7D701C596CB38"
"runtime-regression-P-correct","1080-history-False","rgb-frame-2.f16","49DDB449255FBD2F82BBFEA401CD245CA0FDDDC59C3389D9E3CA14730FD1FF75"
"runtime-regression-P-correct","1080-history-False","rgb-frame-3.f16","E3286D74D63CD4C4C28F8992B22BCB3D8995AC86D678DFAA0003F5360CE0AC80"
"runtime-regression-P-correct","1080-history-False","rgb-frame-4.f16","39F3F5EB28C7A2C34A9737AE91D7FF74E389050C9C22C98E7F41E7F6D7F9CDBF"
"runtime-regression-P-correct","1080-history-False","rgb-frame-5.f16","38F54DD7C73A1C8A06797A949C3405B369C0E70F2EDEBA688182FACAFE9CE6B7"
"runtime-regression-P-correct","1080-history-False","rgb-frame-6.f16","748A180DD49672CD2F829C5C4BDED6D1B0D717C0F18BB322C93A23388FAEADAB"
"runtime-regression-P-correct","1080-history-False","rgb-frame-7.f16","0CD33EA46298CA27F06F0F6500795440764FB6FC802CF9C3A3742B592EE62C10"
"runtime-regression-P-correct","1080-history-False","rgb-frame-8.f16","7F81AAAEC14D62162FB57CCB1BAD30EDD4B234F89E1E0D1BF063962C52693670"
"runtime-regression-P-correct","1080-history-False","rgb-frame-9.f16","E7ED522F2F959FB50FE0E781E048587B46C5F457B5A7C3628D78F785022E57FE"
"runtime-regression-P-correct","1080-history-False","rgb-frame-10.f16","27A029C8AFE76E8B6703D1041657F65961E2A469165F5709A4D4721E64509470"
"runtime-regression-P-correct","1080-history-False","rgb-frame-11.f16","28D370EC05EDABA2E99B32891F7CDF670F0084D46A239A43F410B232BE97D506"
"runtime-regression-P-correct","1080-history-True","rgb-frame-0.f16","1DE20C219105CC281CBA1364A0A21D0DDC4510A95458EC0CA3B8C893EA54F23A"
"runtime-regression-P-correct","1080-history-True","rgb-frame-1.f16","AAEC0AD89E4705CA4090EE6C71A9379464EAF04451D311A287E7D701C596CB38"
"runtime-regression-P-correct","1080-history-True","rgb-frame-2.f16","49DDB449255FBD2F82BBFEA401CD245CA0FDDDC59C3389D9E3CA14730FD1FF75"
"runtime-regression-P-correct","1080-history-True","rgb-frame-3.f16","E3286D74D63CD4C4C28F8992B22BCB3D8995AC86D678DFAA0003F5360CE0AC80"
"runtime-regression-P-correct","1080-history-True","rgb-frame-4.f16","39F3F5EB28C7A2C34A9737AE91D7FF74E389050C9C22C98E7F41E7F6D7F9CDBF"
"runtime-regression-P-correct","1080-history-True","rgb-frame-5.f16","38F54DD7C73A1C8A06797A949C3405B369C0E70F2EDEBA688182FACAFE9CE6B7"
"runtime-regression-P-correct","1080-history-True","rgb-frame-6.f16","748A180DD49672CD2F829C5C4BDED6D1B0D717C0F18BB322C93A23388FAEADAB"
"runtime-regression-P-correct","1080-history-True","rgb-frame-7.f16","0CD33EA46298CA27F06F0F6500795440764FB6FC802CF9C3A3742B592EE62C10"
"runtime-regression-P-correct","1080-history-True","rgb-frame-8.f16","7F81AAAEC14D62162FB57CCB1BAD30EDD4B234F89E1E0D1BF063962C52693670"
"runtime-regression-P-correct","1080-history-True","rgb-frame-9.f16","E7ED522F2F959FB50FE0E781E048587B46C5F457B5A7C3628D78F785022E57FE"
"runtime-regression-P-correct","1080-history-True","rgb-frame-10.f16","27A029C8AFE76E8B6703D1041657F65961E2A469165F5709A4D4721E64509470"
"runtime-regression-P-correct","1080-history-True","rgb-frame-11.f16","28D370EC05EDABA2E99B32891F7CDF670F0084D46A239A43F410B232BE97D506"
"runtime-regression-P-adaptive","900-static-False","rgb-frame-0.f16","75AABA5EF94368353F3F17C034B53918151AA2EBC98FF870B2A057D08AE910AB"
"runtime-regression-P-adaptive","900-static-False","rgb-frame-1.f16","75AABA5EF94368353F3F17C034B53918151AA2EBC98FF870B2A057D08AE910AB"
"runtime-regression-P-adaptive","900-static-False","rgb-frame-2.f16","75AABA5EF94368353F3F17C034B53918151AA2EBC98FF870B2A057D08AE910AB"
"runtime-regression-P-adaptive","900-static-False","rgb-frame-3.f16","75AABA5EF94368353F3F17C034B53918151AA2EBC98FF870B2A057D08AE910AB"
"runtime-regression-P-adaptive","900-static-False","rgb-frame-4.f16","75AABA5EF94368353F3F17C034B53918151AA2EBC98FF870B2A057D08AE910AB"
"runtime-regression-P-adaptive","900-static-False","rgb-frame-5.f16","75AABA5EF94368353F3F17C034B53918151AA2EBC98FF870B2A057D08AE910AB"
"runtime-regression-P-adaptive","900-static-False","rgb-frame-6.f16","75AABA5EF94368353F3F17C034B53918151AA2EBC98FF870B2A057D08AE910AB"
"runtime-regression-P-adaptive","900-static-False","rgb-frame-7.f16","75AABA5EF94368353F3F17C034B53918151AA2EBC98FF870B2A057D08AE910AB"
"runtime-regression-P-adaptive","900-static-False","rgb-frame-8.f16","75AABA5EF94368353F3F17C034B53918151AA2EBC98FF870B2A057D08AE910AB"
"runtime-regression-P-adaptive","900-static-False","rgb-frame-9.f16","75AABA5EF94368353F3F17C034B53918151AA2EBC98FF870B2A057D08AE910AB"
"runtime-regression-P-adaptive","900-static-False","rgb-frame-10.f16","75AABA5EF94368353F3F17C034B53918151AA2EBC98FF870B2A057D08AE910AB"
"runtime-regression-P-adaptive","900-static-False","rgb-frame-11.f16","75AABA5EF94368353F3F17C034B53918151AA2EBC98FF870B2A057D08AE910AB"
"runtime-regression-P-adaptive","900-static-True","rgb-frame-0.f16","75AABA5EF94368353F3F17C034B53918151AA2EBC98FF870B2A057D08AE910AB"
"runtime-regression-P-adaptive","900-static-True","rgb-frame-1.f16","75AABA5EF94368353F3F17C034B53918151AA2EBC98FF870B2A057D08AE910AB"
"runtime-regression-P-adaptive","900-static-True","rgb-frame-2.f16","75AABA5EF94368353F3F17C034B53918151AA2EBC98FF870B2A057D08AE910AB"
"runtime-regression-P-adaptive","900-static-True","rgb-frame-3.f16","75AABA5EF94368353F3F17C034B53918151AA2EBC98FF870B2A057D08AE910AB"
"runtime-regression-P-adaptive","900-static-True","rgb-frame-4.f16","75AABA5EF94368353F3F17C034B53918151AA2EBC98FF870B2A057D08AE910AB"
"runtime-regression-P-adaptive","900-static-True","rgb-frame-5.f16","75AABA5EF94368353F3F17C034B53918151AA2EBC98FF870B2A057D08AE910AB"
"runtime-regression-P-adaptive","900-static-True","rgb-frame-6.f16","75AABA5EF94368353F3F17C034B53918151AA2EBC98FF870B2A057D08AE910AB"
"runtime-regression-P-adaptive","900-static-True","rgb-frame-7.f16","75AABA5EF94368353F3F17C034B53918151AA2EBC98FF870B2A057D08AE910AB"
"runtime-regression-P-adaptive","900-static-True","rgb-frame-8.f16","75AABA5EF94368353F3F17C034B53918151AA2EBC98FF870B2A057D08AE910AB"
"runtime-regression-P-adaptive","900-static-True","rgb-frame-9.f16","75AABA5EF94368353F3F17C034B53918151AA2EBC98FF870B2A057D08AE910AB"
"runtime-regression-P-adaptive","900-static-True","rgb-frame-10.f16","75AABA5EF94368353F3F17C034B53918151AA2EBC98FF870B2A057D08AE910AB"
"runtime-regression-P-adaptive","900-static-True","rgb-frame-11.f16","75AABA5EF94368353F3F17C034B53918151AA2EBC98FF870B2A057D08AE910AB"
"runtime-regression-P-adaptive","900-motion-False","rgb-frame-0.f16","75AABA5EF94368353F3F17C034B53918151AA2EBC98FF870B2A057D08AE910AB"
"runtime-regression-P-adaptive","900-motion-False","rgb-frame-1.f16","092E30DE447D43FC2BCAC9D5965EC4BC5042CF64FA4428F7DD681BF157804DC5"
"runtime-regression-P-adaptive","900-motion-False","rgb-frame-2.f16","507239F070F03F13FF544B6560DB6C7584444D6695C780AE33474214EA6244EC"
"runtime-regression-P-adaptive","900-motion-False","rgb-frame-3.f16","89642CB722CB14A02D57E0D1B6C033553C17E1727BEDDE4EB5040E01C4F10D99"
"runtime-regression-P-adaptive","900-motion-False","rgb-frame-4.f16","91D42E3489D38CB4358D330D83AB4A35C7316476FEF109AA2687988C951520FC"
"runtime-regression-P-adaptive","900-motion-False","rgb-frame-5.f16","7CC1E15799AF0EE02D5DC7754721880E210E96A41F695BC38337FC0912104471"
"runtime-regression-P-adaptive","900-motion-False","rgb-frame-6.f16","D60B6F8526F56EFE8005C89A7A0411F57661FA33C0ABD81000542B5CDB3A8227"
"runtime-regression-P-adaptive","900-motion-False","rgb-frame-7.f16","CCABEF95C0C9B07A59A15DF99F2C2CD39A37ADE5753D3DB5D49290256F8560B0"
"runtime-regression-P-adaptive","900-motion-False","rgb-frame-8.f16","5B265816D3AC03A67FEAB0ACA16649BD4F60604DEE59774921A55D3F5010616E"
"runtime-regression-P-adaptive","900-motion-False","rgb-frame-9.f16","B1DB19B42AC1BD336606D3E474F106D9FA0F9F340271F32456DA4CFB41FE0F58"
"runtime-regression-P-adaptive","900-motion-False","rgb-frame-10.f16","CBDB5DD80852C67072DCEA386E8BEFD7D5E4843495B13D97C65BE0E3F508545C"
"runtime-regression-P-adaptive","900-motion-False","rgb-frame-11.f16","5104F039569FE20C0EDCAB1FB68D56DB041406F3DDB38FC49DD2DD1D1EC636D1"
"runtime-regression-P-adaptive","900-motion-True","rgb-frame-0.f16","75AABA5EF94368353F3F17C034B53918151AA2EBC98FF870B2A057D08AE910AB"
"runtime-regression-P-adaptive","900-motion-True","rgb-frame-1.f16","092E30DE447D43FC2BCAC9D5965EC4BC5042CF64FA4428F7DD681BF157804DC5"
"runtime-regression-P-adaptive","900-motion-True","rgb-frame-2.f16","507239F070F03F13FF544B6560DB6C7584444D6695C780AE33474214EA6244EC"
"runtime-regression-P-adaptive","900-motion-True","rgb-frame-3.f16","89642CB722CB14A02D57E0D1B6C033553C17E1727BEDDE4EB5040E01C4F10D99"
"runtime-regression-P-adaptive","900-motion-True","rgb-frame-4.f16","91D42E3489D38CB4358D330D83AB4A35C7316476FEF109AA2687988C951520FC"
"runtime-regression-P-adaptive","900-motion-True","rgb-frame-5.f16","7CC1E15799AF0EE02D5DC7754721880E210E96A41F695BC38337FC0912104471"
"runtime-regression-P-adaptive","900-motion-True","rgb-frame-6.f16","D60B6F8526F56EFE8005C89A7A0411F57661FA33C0ABD81000542B5CDB3A8227"
"runtime-regression-P-adaptive","900-motion-True","rgb-frame-7.f16","CCABEF95C0C9B07A59A15DF99F2C2CD39A37ADE5753D3DB5D49290256F8560B0"
"runtime-regression-P-adaptive","900-motion-True","rgb-frame-8.f16","5B265816D3AC03A67FEAB0ACA16649BD4F60604DEE59774921A55D3F5010616E"
"runtime-regression-P-adaptive","900-motion-True","rgb-frame-9.f16","B1DB19B42AC1BD336606D3E474F106D9FA0F9F340271F32456DA4CFB41FE0F58"
"runtime-regression-P-adaptive","900-motion-True","rgb-frame-10.f16","CBDB5DD80852C67072DCEA386E8BEFD7D5E4843495B13D97C65BE0E3F508545C"
"runtime-regression-P-adaptive","900-motion-True","rgb-frame-11.f16","5104F039569FE20C0EDCAB1FB68D56DB041406F3DDB38FC49DD2DD1D1EC636D1"
"runtime-regression-P-adaptive","1080-static-False","rgb-frame-0.f16","1DE20C219105CC281CBA1364A0A21D0DDC4510A95458EC0CA3B8C893EA54F23A"
"runtime-regression-P-adaptive","1080-static-False","rgb-frame-1.f16","1DE20C219105CC281CBA1364A0A21D0DDC4510A95458EC0CA3B8C893EA54F23A"
"runtime-regression-P-adaptive","1080-static-False","rgb-frame-2.f16","1DE20C219105CC281CBA1364A0A21D0DDC4510A95458EC0CA3B8C893EA54F23A"
"runtime-regression-P-adaptive","1080-static-False","rgb-frame-3.f16","1DE20C219105CC281CBA1364A0A21D0DDC4510A95458EC0CA3B8C893EA54F23A"
"runtime-regression-P-adaptive","1080-static-False","rgb-frame-4.f16","1DE20C219105CC281CBA1364A0A21D0DDC4510A95458EC0CA3B8C893EA54F23A"
"runtime-regression-P-adaptive","1080-static-False","rgb-frame-5.f16","1DE20C219105CC281CBA1364A0A21D0DDC4510A95458EC0CA3B8C893EA54F23A"
"runtime-regression-P-adaptive","1080-static-False","rgb-frame-6.f16","1DE20C219105CC281CBA1364A0A21D0DDC4510A95458EC0CA3B8C893EA54F23A"
"runtime-regression-P-adaptive","1080-static-False","rgb-frame-7.f16","1DE20C219105CC281CBA1364A0A21D0DDC4510A95458EC0CA3B8C893EA54F23A"
"runtime-regression-P-adaptive","1080-static-False","rgb-frame-8.f16","1DE20C219105CC281CBA1364A0A21D0DDC4510A95458EC0CA3B8C893EA54F23A"
"runtime-regression-P-adaptive","1080-static-False","rgb-frame-9.f16","1DE20C219105CC281CBA1364A0A21D0DDC4510A95458EC0CA3B8C893EA54F23A"
"runtime-regression-P-adaptive","1080-static-False","rgb-frame-10.f16","1DE20C219105CC281CBA1364A0A21D0DDC4510A95458EC0CA3B8C893EA54F23A"
"runtime-regression-P-adaptive","1080-static-False","rgb-frame-11.f16","1DE20C219105CC281CBA1364A0A21D0DDC4510A95458EC0CA3B8C893EA54F23A"
"runtime-regression-P-adaptive","1080-static-True","rgb-frame-0.f16","1DE20C219105CC281CBA1364A0A21D0DDC4510A95458EC0CA3B8C893EA54F23A"
"runtime-regression-P-adaptive","1080-static-True","rgb-frame-1.f16","1DE20C219105CC281CBA1364A0A21D0DDC4510A95458EC0CA3B8C893EA54F23A"
"runtime-regression-P-adaptive","1080-static-True","rgb-frame-2.f16","1DE20C219105CC281CBA1364A0A21D0DDC4510A95458EC0CA3B8C893EA54F23A"
"runtime-regression-P-adaptive","1080-static-True","rgb-frame-3.f16","1DE20C219105CC281CBA1364A0A21D0DDC4510A95458EC0CA3B8C893EA54F23A"
"runtime-regression-P-adaptive","1080-static-True","rgb-frame-4.f16","1DE20C219105CC281CBA1364A0A21D0DDC4510A95458EC0CA3B8C893EA54F23A"
"runtime-regression-P-adaptive","1080-static-True","rgb-frame-5.f16","1DE20C219105CC281CBA1364A0A21D0DDC4510A95458EC0CA3B8C893EA54F23A"
"runtime-regression-P-adaptive","1080-static-True","rgb-frame-6.f16","1DE20C219105CC281CBA1364A0A21D0DDC4510A95458EC0CA3B8C893EA54F23A"
"runtime-regression-P-adaptive","1080-static-True","rgb-frame-7.f16","1DE20C219105CC281CBA1364A0A21D0DDC4510A95458EC0CA3B8C893EA54F23A"
"runtime-regression-P-adaptive","1080-static-True","rgb-frame-8.f16","1DE20C219105CC281CBA1364A0A21D0DDC4510A95458EC0CA3B8C893EA54F23A"
"runtime-regression-P-adaptive","1080-static-True","rgb-frame-9.f16","1DE20C219105CC281CBA1364A0A21D0DDC4510A95458EC0CA3B8C893EA54F23A"
"runtime-regression-P-adaptive","1080-static-True","rgb-frame-10.f16","1DE20C219105CC281CBA1364A0A21D0DDC4510A95458EC0CA3B8C893EA54F23A"
"runtime-regression-P-adaptive","1080-static-True","rgb-frame-11.f16","1DE20C219105CC281CBA1364A0A21D0DDC4510A95458EC0CA3B8C893EA54F23A"
"runtime-regression-P-adaptive","1080-motion-False","rgb-frame-0.f16","1DE20C219105CC281CBA1364A0A21D0DDC4510A95458EC0CA3B8C893EA54F23A"
"runtime-regression-P-adaptive","1080-motion-False","rgb-frame-1.f16","CC5A1EC9200EAE1A593274A028857CD6A2716E484FC60458A270F5A951E8FC31"
"runtime-regression-P-adaptive","1080-motion-False","rgb-frame-2.f16","3DE574BB7AF5B88082E9A92667B4B8B270F3FA4601D2E1959E24540C7C483B1E"
"runtime-regression-P-adaptive","1080-motion-False","rgb-frame-3.f16","92987F7B6E4D927367D6FF08983577E5E987739234753738C7FE1A2DA0C5CA2D"
"runtime-regression-P-adaptive","1080-motion-False","rgb-frame-4.f16","3D68B5461339BB57E742F2B2B3F9E344EFEA0CABF5A837CF4A09EC869008BED5"
"runtime-regression-P-adaptive","1080-motion-False","rgb-frame-5.f16","FDBCEF6F648AF3C72CD1DE517C07BF4A21DF04653830556DF7297E2065F779DF"
"runtime-regression-P-adaptive","1080-motion-False","rgb-frame-6.f16","EA25DB8EB9DA9EC9CEAF29440C92421AE7297EC6C1908EEC4A9C0A54F7F40A76"
"runtime-regression-P-adaptive","1080-motion-False","rgb-frame-7.f16","377277B12BC1430F1792BC9E8887FD2347AF3916CCD693D1983D61396EABD9C1"
"runtime-regression-P-adaptive","1080-motion-False","rgb-frame-8.f16","F9F93A62701B217FADB2CFDCE5D2C5C8919CD29B9916D9FD18809E34CF0B5C0C"
"runtime-regression-P-adaptive","1080-motion-False","rgb-frame-9.f16","3B1813A7D58A795A23C3F402AEA75392481EAD049F2B60A77F538F8A8B427281"
"runtime-regression-P-adaptive","1080-motion-False","rgb-frame-10.f16","972C9899E1E679BA1959C67C9AAE24128752B5625EFDFC5F1293DC341D232FBA"
"runtime-regression-P-adaptive","1080-motion-False","rgb-frame-11.f16","0ED23ADE940C9AE527BE261BD726F48BE064D3D4C4CD0DB6F61CEA69ABFECD6F"
"runtime-regression-P-adaptive","1080-motion-True","rgb-frame-0.f16","1DE20C219105CC281CBA1364A0A21D0DDC4510A95458EC0CA3B8C893EA54F23A"
"runtime-regression-P-adaptive","1080-motion-True","rgb-frame-1.f16","CC5A1EC9200EAE1A593274A028857CD6A2716E484FC60458A270F5A951E8FC31"
"runtime-regression-P-adaptive","1080-motion-True","rgb-frame-2.f16","3DE574BB7AF5B88082E9A92667B4B8B270F3FA4601D2E1959E24540C7C483B1E"
"runtime-regression-P-adaptive","1080-motion-True","rgb-frame-3.f16","92987F7B6E4D927367D6FF08983577E5E987739234753738C7FE1A2DA0C5CA2D"
"runtime-regression-P-adaptive","1080-motion-True","rgb-frame-4.f16","3D68B5461339BB57E742F2B2B3F9E344EFEA0CABF5A837CF4A09EC869008BED5"
"runtime-regression-P-adaptive","1080-motion-True","rgb-frame-5.f16","FDBCEF6F648AF3C72CD1DE517C07BF4A21DF04653830556DF7297E2065F779DF"
"runtime-regression-P-adaptive","1080-motion-True","rgb-frame-6.f16","EA25DB8EB9DA9EC9CEAF29440C92421AE7297EC6C1908EEC4A9C0A54F7F40A76"
"runtime-regression-P-adaptive","1080-motion-True","rgb-frame-7.f16","377277B12BC1430F1792BC9E8887FD2347AF3916CCD693D1983D61396EABD9C1"
"runtime-regression-P-adaptive","1080-motion-True","rgb-frame-8.f16","F9F93A62701B217FADB2CFDCE5D2C5C8919CD29B9916D9FD18809E34CF0B5C0C"
"runtime-regression-P-adaptive","1080-motion-True","rgb-frame-9.f16","3B1813A7D58A795A23C3F402AEA75392481EAD049F2B60A77F538F8A8B427281"
"runtime-regression-P-adaptive","1080-motion-True","rgb-frame-10.f16","972C9899E1E679BA1959C67C9AAE24128752B5625EFDFC5F1293DC341D232FBA"
"runtime-regression-P-adaptive","1080-motion-True","rgb-frame-11.f16","0ED23ADE940C9AE527BE261BD726F48BE064D3D4C4CD0DB6F61CEA69ABFECD6F"
"runtime-regression-P-adaptive","720-motion-False","rgb-frame-0.f16","7C8123612C47C98F3D152E40AC504BE813DEE83EC8C226D4C4E58828ECBEB384"
"runtime-regression-P-adaptive","720-motion-False","rgb-frame-1.f16","FB08EFC2121242BEC899691646074229CD95D4360F0F39922275F8AF4EE0177E"
"runtime-regression-P-adaptive","720-motion-False","rgb-frame-2.f16","1C7055BF7225D693BB3956085D52876462723F4180889B24B41093B7CFE273EF"
"runtime-regression-P-adaptive","720-motion-False","rgb-frame-3.f16","5C79123DF57200F6E13DDBCF32EA8F948C52F5447A58A016A4CCF0EB0554E5BA"
"runtime-regression-P-adaptive","720-motion-False","rgb-frame-4.f16","49A29F523111E10BC52A69D8F0870112BE09ABE230F32BE0D8E09A37AFF17DB2"
"runtime-regression-P-adaptive","720-motion-False","rgb-frame-5.f16","F326C601AFD60A5E5DB3452BDF7C40869437662B71BAD0F8425FB57F91DC52AF"
"runtime-regression-P-adaptive","720-motion-False","rgb-frame-6.f16","7834CBF5F6C387A29F71752352BF8B60CE1E1D817209A70DD0367EA3A97D6CA8"
"runtime-regression-P-adaptive","720-motion-False","rgb-frame-7.f16","5CA4923F25F9FA09A766F0CF9D6D55E7EE227FA063917B7987ECA49EF87E596A"
"runtime-regression-P-adaptive","720-motion-False","rgb-frame-8.f16","49A41D212BD7A8C66C320A034FB452F5C9762C62C5C23C4805C2F9AE268B84DB"
"runtime-regression-P-adaptive","720-motion-False","rgb-frame-9.f16","424D64991DAAA7F3080F73BBA20CD94C62525F317D9267A374AF908A34EC2834"
"runtime-regression-P-adaptive","720-motion-False","rgb-frame-10.f16","D7D6FC830534F6DD448C1189DDC5CD42048183428A9627FAEF19BF6CA4F481BF"
"runtime-regression-P-adaptive","720-motion-False","rgb-frame-11.f16","0D0F1989507D9D159D30355549400380894D337F2BDF20D3981E7F0644E9DF8F"
"runtime-regression-P-adaptive","720-motion-True","rgb-frame-0.f16","7C8123612C47C98F3D152E40AC504BE813DEE83EC8C226D4C4E58828ECBEB384"
"runtime-regression-P-adaptive","720-motion-True","rgb-frame-1.f16","FB08EFC2121242BEC899691646074229CD95D4360F0F39922275F8AF4EE0177E"
"runtime-regression-P-adaptive","720-motion-True","rgb-frame-2.f16","1C7055BF7225D693BB3956085D52876462723F4180889B24B41093B7CFE273EF"
"runtime-regression-P-adaptive","720-motion-True","rgb-frame-3.f16","5C79123DF57200F6E13DDBCF32EA8F948C52F5447A58A016A4CCF0EB0554E5BA"
"runtime-regression-P-adaptive","720-motion-True","rgb-frame-4.f16","49A29F523111E10BC52A69D8F0870112BE09ABE230F32BE0D8E09A37AFF17DB2"
"runtime-regression-P-adaptive","720-motion-True","rgb-frame-5.f16","F326C601AFD60A5E5DB3452BDF7C40869437662B71BAD0F8425FB57F91DC52AF"
"runtime-regression-P-adaptive","720-motion-True","rgb-frame-6.f16","7834CBF5F6C387A29F71752352BF8B60CE1E1D817209A70DD0367EA3A97D6CA8"
"runtime-regression-P-adaptive","720-motion-True","rgb-frame-7.f16","5CA4923F25F9FA09A766F0CF9D6D55E7EE227FA063917B7987ECA49EF87E596A"
"runtime-regression-P-adaptive","720-motion-True","rgb-frame-8.f16","49A41D212BD7A8C66C320A034FB452F5C9762C62C5C23C4805C2F9AE268B84DB"
"runtime-regression-P-adaptive","720-motion-True","rgb-frame-9.f16","424D64991DAAA7F3080F73BBA20CD94C62525F317D9267A374AF908A34EC2834"
"runtime-regression-P-adaptive","720-motion-True","rgb-frame-10.f16","D7D6FC830534F6DD448C1189DDC5CD42048183428A9627FAEF19BF6CA4F481BF"
"runtime-regression-P-adaptive","720-motion-True","rgb-frame-11.f16","0D0F1989507D9D159D30355549400380894D337F2BDF20D3981E7F0644E9DF8F"
"runtime-regression-P-adaptive","900-history-False","rgb-frame-0.f16","75AABA5EF94368353F3F17C034B53918151AA2EBC98FF870B2A057D08AE910AB"
"runtime-regression-P-adaptive","900-history-False","rgb-frame-1.f16","A78FD8A7A62669ED11341D62D62B40A318DA9C024CCF69A3420C835688B3C595"
"runtime-regression-P-adaptive","900-history-False","rgb-frame-2.f16","A2BCE36695918D9BA5002C8D822F0D41C438B71240126530EB2C26D3C6FE3857"
"runtime-regression-P-adaptive","900-history-False","rgb-frame-3.f16","999CAC93ECAA6565A7FC6227499D4FADB11CA4712F0C3DE76350DE86BFFF5533"
"runtime-regression-P-adaptive","900-history-False","rgb-frame-4.f16","62A5A1853B80258EAD1DA5EA4F4ECA09C67B5B764C1895248043899F07EACBB7"
"runtime-regression-P-adaptive","900-history-False","rgb-frame-5.f16","E909DDE7B04A0A33467950AB33C04635F94625469E13A997D51F9889961FEF05"
"runtime-regression-P-adaptive","900-history-False","rgb-frame-6.f16","C95F4FF97B87C53E6F7C71AC481E66B11030DDE98AA316414E56A3A1D208971D"
"runtime-regression-P-adaptive","900-history-False","rgb-frame-7.f16","0926DFC1986058A7FEA7A39BDC0CBE42B0415D037402798A568AA04B80136872"
"runtime-regression-P-adaptive","900-history-False","rgb-frame-8.f16","1414E1E3341C23CA5CF9E5CEB38D7F366F0A1F386AE958B82FEC6C74A1AD8786"
"runtime-regression-P-adaptive","900-history-False","rgb-frame-9.f16","AD74AE13BE4746257FC8677A107E4DB11F040C0911E10C4AD46F050D40F6C3C2"
"runtime-regression-P-adaptive","900-history-False","rgb-frame-10.f16","4D34A4D659647681D1B96B2B47E60E7103B983EABF2333CC14BBF76D15EEA234"
"runtime-regression-P-adaptive","900-history-False","rgb-frame-11.f16","8FA2794CE21091F26C0BAFFE79981CD86BB9C3CDA329D0773D0066F776E6106F"
"runtime-regression-P-adaptive","900-history-True","rgb-frame-0.f16","75AABA5EF94368353F3F17C034B53918151AA2EBC98FF870B2A057D08AE910AB"
"runtime-regression-P-adaptive","900-history-True","rgb-frame-1.f16","A78FD8A7A62669ED11341D62D62B40A318DA9C024CCF69A3420C835688B3C595"
"runtime-regression-P-adaptive","900-history-True","rgb-frame-2.f16","A2BCE36695918D9BA5002C8D822F0D41C438B71240126530EB2C26D3C6FE3857"
"runtime-regression-P-adaptive","900-history-True","rgb-frame-3.f16","999CAC93ECAA6565A7FC6227499D4FADB11CA4712F0C3DE76350DE86BFFF5533"
"runtime-regression-P-adaptive","900-history-True","rgb-frame-4.f16","62A5A1853B80258EAD1DA5EA4F4ECA09C67B5B764C1895248043899F07EACBB7"
"runtime-regression-P-adaptive","900-history-True","rgb-frame-5.f16","E909DDE7B04A0A33467950AB33C04635F94625469E13A997D51F9889961FEF05"
"runtime-regression-P-adaptive","900-history-True","rgb-frame-6.f16","C95F4FF97B87C53E6F7C71AC481E66B11030DDE98AA316414E56A3A1D208971D"
"runtime-regression-P-adaptive","900-history-True","rgb-frame-7.f16","0926DFC1986058A7FEA7A39BDC0CBE42B0415D037402798A568AA04B80136872"
"runtime-regression-P-adaptive","900-history-True","rgb-frame-8.f16","1414E1E3341C23CA5CF9E5CEB38D7F366F0A1F386AE958B82FEC6C74A1AD8786"
"runtime-regression-P-adaptive","900-history-True","rgb-frame-9.f16","AD74AE13BE4746257FC8677A107E4DB11F040C0911E10C4AD46F050D40F6C3C2"
"runtime-regression-P-adaptive","900-history-True","rgb-frame-10.f16","4D34A4D659647681D1B96B2B47E60E7103B983EABF2333CC14BBF76D15EEA234"
"runtime-regression-P-adaptive","900-history-True","rgb-frame-11.f16","8FA2794CE21091F26C0BAFFE79981CD86BB9C3CDA329D0773D0066F776E6106F"
"runtime-regression-P-adaptive","1080-history-False","rgb-frame-0.f16","1DE20C219105CC281CBA1364A0A21D0DDC4510A95458EC0CA3B8C893EA54F23A"
"runtime-regression-P-adaptive","1080-history-False","rgb-frame-1.f16","AAEC0AD89E4705CA4090EE6C71A9379464EAF04451D311A287E7D701C596CB38"
"runtime-regression-P-adaptive","1080-history-False","rgb-frame-2.f16","49DDB449255FBD2F82BBFEA401CD245CA0FDDDC59C3389D9E3CA14730FD1FF75"
"runtime-regression-P-adaptive","1080-history-False","rgb-frame-3.f16","E3286D74D63CD4C4C28F8992B22BCB3D8995AC86D678DFAA0003F5360CE0AC80"
"runtime-regression-P-adaptive","1080-history-False","rgb-frame-4.f16","39F3F5EB28C7A2C34A9737AE91D7FF74E389050C9C22C98E7F41E7F6D7F9CDBF"
"runtime-regression-P-adaptive","1080-history-False","rgb-frame-5.f16","38F54DD7C73A1C8A06797A949C3405B369C0E70F2EDEBA688182FACAFE9CE6B7"
"runtime-regression-P-adaptive","1080-history-False","rgb-frame-6.f16","748A180DD49672CD2F829C5C4BDED6D1B0D717C0F18BB322C93A23388FAEADAB"
"runtime-regression-P-adaptive","1080-history-False","rgb-frame-7.f16","0CD33EA46298CA27F06F0F6500795440764FB6FC802CF9C3A3742B592EE62C10"
"runtime-regression-P-adaptive","1080-history-False","rgb-frame-8.f16","7F81AAAEC14D62162FB57CCB1BAD30EDD4B234F89E1E0D1BF063962C52693670"
"runtime-regression-P-adaptive","1080-history-False","rgb-frame-9.f16","E7ED522F2F959FB50FE0E781E048587B46C5F457B5A7C3628D78F785022E57FE"
"runtime-regression-P-adaptive","1080-history-False","rgb-frame-10.f16","27A029C8AFE76E8B6703D1041657F65961E2A469165F5709A4D4721E64509470"
"runtime-regression-P-adaptive","1080-history-False","rgb-frame-11.f16","28D370EC05EDABA2E99B32891F7CDF670F0084D46A239A43F410B232BE97D506"
"runtime-regression-P-adaptive","1080-history-True","rgb-frame-0.f16","1DE20C219105CC281CBA1364A0A21D0DDC4510A95458EC0CA3B8C893EA54F23A"
"runtime-regression-P-adaptive","1080-history-True","rgb-frame-1.f16","AAEC0AD89E4705CA4090EE6C71A9379464EAF04451D311A287E7D701C596CB38"
"runtime-regression-P-adaptive","1080-history-True","rgb-frame-2.f16","49DDB449255FBD2F82BBFEA401CD245CA0FDDDC59C3389D9E3CA14730FD1FF75"
"runtime-regression-P-adaptive","1080-history-True","rgb-frame-3.f16","E3286D74D63CD4C4C28F8992B22BCB3D8995AC86D678DFAA0003F5360CE0AC80"
"runtime-regression-P-adaptive","1080-history-True","rgb-frame-4.f16","39F3F5EB28C7A2C34A9737AE91D7FF74E389050C9C22C98E7F41E7F6D7F9CDBF"
"runtime-regression-P-adaptive","1080-history-True","rgb-frame-5.f16","38F54DD7C73A1C8A06797A949C3405B369C0E70F2EDEBA688182FACAFE9CE6B7"
"runtime-regression-P-adaptive","1080-history-True","rgb-frame-6.f16","748A180DD49672CD2F829C5C4BDED6D1B0D717C0F18BB322C93A23388FAEADAB"
"runtime-regression-P-adaptive","1080-history-True","rgb-frame-7.f16","0CD33EA46298CA27F06F0F6500795440764FB6FC802CF9C3A3742B592EE62C10"
"runtime-regression-P-adaptive","1080-history-True","rgb-frame-8.f16","7F81AAAEC14D62162FB57CCB1BAD30EDD4B234F89E1E0D1BF063962C52693670"
"runtime-regression-P-adaptive","1080-history-True","rgb-frame-9.f16","E7ED522F2F959FB50FE0E781E048587B46C5F457B5A7C3628D78F785022E57FE"
"runtime-regression-P-adaptive","1080-history-True","rgb-frame-10.f16","27A029C8AFE76E8B6703D1041657F65961E2A469165F5709A4D4721E64509470"
"runtime-regression-P-adaptive","1080-history-True","rgb-frame-11.f16","28D370EC05EDABA2E99B32891F7CDF670F0084D46A239A43F410B232BE97D506"
"runtime-regression-U-correct","900-static-False","rgb-frame-0.f16","75AABA5EF94368353F3F17C034B53918151AA2EBC98FF870B2A057D08AE910AB"
"runtime-regression-U-correct","900-static-False","rgb-frame-1.f16","75AABA5EF94368353F3F17C034B53918151AA2EBC98FF870B2A057D08AE910AB"
"runtime-regression-U-correct","900-static-False","rgb-frame-2.f16","75AABA5EF94368353F3F17C034B53918151AA2EBC98FF870B2A057D08AE910AB"
"runtime-regression-U-correct","900-static-False","rgb-frame-3.f16","75AABA5EF94368353F3F17C034B53918151AA2EBC98FF870B2A057D08AE910AB"
"runtime-regression-U-correct","900-static-False","rgb-frame-4.f16","75AABA5EF94368353F3F17C034B53918151AA2EBC98FF870B2A057D08AE910AB"
"runtime-regression-U-correct","900-static-False","rgb-frame-5.f16","75AABA5EF94368353F3F17C034B53918151AA2EBC98FF870B2A057D08AE910AB"
"runtime-regression-U-correct","900-static-False","rgb-frame-6.f16","75AABA5EF94368353F3F17C034B53918151AA2EBC98FF870B2A057D08AE910AB"
"runtime-regression-U-correct","900-static-False","rgb-frame-7.f16","75AABA5EF94368353F3F17C034B53918151AA2EBC98FF870B2A057D08AE910AB"
"runtime-regression-U-correct","900-static-False","rgb-frame-8.f16","75AABA5EF94368353F3F17C034B53918151AA2EBC98FF870B2A057D08AE910AB"
"runtime-regression-U-correct","900-static-False","rgb-frame-9.f16","75AABA5EF94368353F3F17C034B53918151AA2EBC98FF870B2A057D08AE910AB"
"runtime-regression-U-correct","900-static-False","rgb-frame-10.f16","75AABA5EF94368353F3F17C034B53918151AA2EBC98FF870B2A057D08AE910AB"
"runtime-regression-U-correct","900-static-False","rgb-frame-11.f16","75AABA5EF94368353F3F17C034B53918151AA2EBC98FF870B2A057D08AE910AB"
"runtime-regression-U-correct","900-static-True","rgb-frame-0.f16","75AABA5EF94368353F3F17C034B53918151AA2EBC98FF870B2A057D08AE910AB"
"runtime-regression-U-correct","900-static-True","rgb-frame-1.f16","75AABA5EF94368353F3F17C034B53918151AA2EBC98FF870B2A057D08AE910AB"
"runtime-regression-U-correct","900-static-True","rgb-frame-2.f16","75AABA5EF94368353F3F17C034B53918151AA2EBC98FF870B2A057D08AE910AB"
"runtime-regression-U-correct","900-static-True","rgb-frame-3.f16","75AABA5EF94368353F3F17C034B53918151AA2EBC98FF870B2A057D08AE910AB"
"runtime-regression-U-correct","900-static-True","rgb-frame-4.f16","75AABA5EF94368353F3F17C034B53918151AA2EBC98FF870B2A057D08AE910AB"
"runtime-regression-U-correct","900-static-True","rgb-frame-5.f16","75AABA5EF94368353F3F17C034B53918151AA2EBC98FF870B2A057D08AE910AB"
"runtime-regression-U-correct","900-static-True","rgb-frame-6.f16","75AABA5EF94368353F3F17C034B53918151AA2EBC98FF870B2A057D08AE910AB"
"runtime-regression-U-correct","900-static-True","rgb-frame-7.f16","75AABA5EF94368353F3F17C034B53918151AA2EBC98FF870B2A057D08AE910AB"
"runtime-regression-U-correct","900-static-True","rgb-frame-8.f16","75AABA5EF94368353F3F17C034B53918151AA2EBC98FF870B2A057D08AE910AB"
"runtime-regression-U-correct","900-static-True","rgb-frame-9.f16","75AABA5EF94368353F3F17C034B53918151AA2EBC98FF870B2A057D08AE910AB"
"runtime-regression-U-correct","900-static-True","rgb-frame-10.f16","75AABA5EF94368353F3F17C034B53918151AA2EBC98FF870B2A057D08AE910AB"
"runtime-regression-U-correct","900-static-True","rgb-frame-11.f16","75AABA5EF94368353F3F17C034B53918151AA2EBC98FF870B2A057D08AE910AB"
"runtime-regression-U-correct","900-motion-False","rgb-frame-0.f16","75AABA5EF94368353F3F17C034B53918151AA2EBC98FF870B2A057D08AE910AB"
"runtime-regression-U-correct","900-motion-False","rgb-frame-1.f16","092E30DE447D43FC2BCAC9D5965EC4BC5042CF64FA4428F7DD681BF157804DC5"
"runtime-regression-U-correct","900-motion-False","rgb-frame-2.f16","62B465754FB994510AD0BAE6013ACEDCF96523FDF4FACB4A31165346D52BDDA7"
"runtime-regression-U-correct","900-motion-False","rgb-frame-3.f16","2B8A7C208C3A60DB14E41CEB955A8E739599C934F2162543E8D4D0B397FAADA4"
"runtime-regression-U-correct","900-motion-False","rgb-frame-4.f16","1285D74F82ACFF37F4F4BDF25D59AFF2ACAC261486ED253109EE37737C141C4F"
"runtime-regression-U-correct","900-motion-False","rgb-frame-5.f16","7CC1E15799AF0EE02D5DC7754721880E210E96A41F695BC38337FC0912104471"
"runtime-regression-U-correct","900-motion-False","rgb-frame-6.f16","11C0851FED39FDAD5EE318E9C853F5E7E53DFB349899312D1F59DDC19693FE49"
"runtime-regression-U-correct","900-motion-False","rgb-frame-7.f16","F3DF3E6A6F22CF9779DD9250AA11FFF4A9BBC60DBF4D99E205D9F10B041BAF25"
"runtime-regression-U-correct","900-motion-False","rgb-frame-8.f16","5B265816D3AC03A67FEAB0ACA16649BD4F60604DEE59774921A55D3F5010616E"
"runtime-regression-U-correct","900-motion-False","rgb-frame-9.f16","D5300E62A967D00C8224CBA7A831E69C84544E5583314DE42FB501D3B4AACB9A"
"runtime-regression-U-correct","900-motion-False","rgb-frame-10.f16","A2A1624A2290768F4C29BC227FAE8DE9133644E6D40867FC160BE67516AF3F32"
"runtime-regression-U-correct","900-motion-False","rgb-frame-11.f16","5104F039569FE20C0EDCAB1FB68D56DB041406F3DDB38FC49DD2DD1D1EC636D1"
"runtime-regression-U-correct","900-motion-True","rgb-frame-0.f16","75AABA5EF94368353F3F17C034B53918151AA2EBC98FF870B2A057D08AE910AB"
"runtime-regression-U-correct","900-motion-True","rgb-frame-1.f16","092E30DE447D43FC2BCAC9D5965EC4BC5042CF64FA4428F7DD681BF157804DC5"
"runtime-regression-U-correct","900-motion-True","rgb-frame-2.f16","62B465754FB994510AD0BAE6013ACEDCF96523FDF4FACB4A31165346D52BDDA7"
"runtime-regression-U-correct","900-motion-True","rgb-frame-3.f16","2B8A7C208C3A60DB14E41CEB955A8E739599C934F2162543E8D4D0B397FAADA4"
"runtime-regression-U-correct","900-motion-True","rgb-frame-4.f16","1285D74F82ACFF37F4F4BDF25D59AFF2ACAC261486ED253109EE37737C141C4F"
"runtime-regression-U-correct","900-motion-True","rgb-frame-5.f16","7CC1E15799AF0EE02D5DC7754721880E210E96A41F695BC38337FC0912104471"
"runtime-regression-U-correct","900-motion-True","rgb-frame-6.f16","11C0851FED39FDAD5EE318E9C853F5E7E53DFB349899312D1F59DDC19693FE49"
"runtime-regression-U-correct","900-motion-True","rgb-frame-7.f16","F3DF3E6A6F22CF9779DD9250AA11FFF4A9BBC60DBF4D99E205D9F10B041BAF25"
"runtime-regression-U-correct","900-motion-True","rgb-frame-8.f16","5B265816D3AC03A67FEAB0ACA16649BD4F60604DEE59774921A55D3F5010616E"
"runtime-regression-U-correct","900-motion-True","rgb-frame-9.f16","D5300E62A967D00C8224CBA7A831E69C84544E5583314DE42FB501D3B4AACB9A"
"runtime-regression-U-correct","900-motion-True","rgb-frame-10.f16","A2A1624A2290768F4C29BC227FAE8DE9133644E6D40867FC160BE67516AF3F32"
"runtime-regression-U-correct","900-motion-True","rgb-frame-11.f16","5104F039569FE20C0EDCAB1FB68D56DB041406F3DDB38FC49DD2DD1D1EC636D1"
"runtime-regression-U-correct","1080-static-False","rgb-frame-0.f16","1DE20C219105CC281CBA1364A0A21D0DDC4510A95458EC0CA3B8C893EA54F23A"
"runtime-regression-U-correct","1080-static-False","rgb-frame-1.f16","1DE20C219105CC281CBA1364A0A21D0DDC4510A95458EC0CA3B8C893EA54F23A"
"runtime-regression-U-correct","1080-static-False","rgb-frame-2.f16","1DE20C219105CC281CBA1364A0A21D0DDC4510A95458EC0CA3B8C893EA54F23A"
"runtime-regression-U-correct","1080-static-False","rgb-frame-3.f16","1DE20C219105CC281CBA1364A0A21D0DDC4510A95458EC0CA3B8C893EA54F23A"
"runtime-regression-U-correct","1080-static-False","rgb-frame-4.f16","1DE20C219105CC281CBA1364A0A21D0DDC4510A95458EC0CA3B8C893EA54F23A"
"runtime-regression-U-correct","1080-static-False","rgb-frame-5.f16","1DE20C219105CC281CBA1364A0A21D0DDC4510A95458EC0CA3B8C893EA54F23A"
"runtime-regression-U-correct","1080-static-False","rgb-frame-6.f16","1DE20C219105CC281CBA1364A0A21D0DDC4510A95458EC0CA3B8C893EA54F23A"
"runtime-regression-U-correct","1080-static-False","rgb-frame-7.f16","1DE20C219105CC281CBA1364A0A21D0DDC4510A95458EC0CA3B8C893EA54F23A"
"runtime-regression-U-correct","1080-static-False","rgb-frame-8.f16","1DE20C219105CC281CBA1364A0A21D0DDC4510A95458EC0CA3B8C893EA54F23A"
"runtime-regression-U-correct","1080-static-False","rgb-frame-9.f16","1DE20C219105CC281CBA1364A0A21D0DDC4510A95458EC0CA3B8C893EA54F23A"
"runtime-regression-U-correct","1080-static-False","rgb-frame-10.f16","1DE20C219105CC281CBA1364A0A21D0DDC4510A95458EC0CA3B8C893EA54F23A"
"runtime-regression-U-correct","1080-static-False","rgb-frame-11.f16","1DE20C219105CC281CBA1364A0A21D0DDC4510A95458EC0CA3B8C893EA54F23A"
"runtime-regression-U-correct","1080-static-True","rgb-frame-0.f16","1DE20C219105CC281CBA1364A0A21D0DDC4510A95458EC0CA3B8C893EA54F23A"
"runtime-regression-U-correct","1080-static-True","rgb-frame-1.f16","1DE20C219105CC281CBA1364A0A21D0DDC4510A95458EC0CA3B8C893EA54F23A"
"runtime-regression-U-correct","1080-static-True","rgb-frame-2.f16","1DE20C219105CC281CBA1364A0A21D0DDC4510A95458EC0CA3B8C893EA54F23A"
"runtime-regression-U-correct","1080-static-True","rgb-frame-3.f16","1DE20C219105CC281CBA1364A0A21D0DDC4510A95458EC0CA3B8C893EA54F23A"
"runtime-regression-U-correct","1080-static-True","rgb-frame-4.f16","1DE20C219105CC281CBA1364A0A21D0DDC4510A95458EC0CA3B8C893EA54F23A"
"runtime-regression-U-correct","1080-static-True","rgb-frame-5.f16","1DE20C219105CC281CBA1364A0A21D0DDC4510A95458EC0CA3B8C893EA54F23A"
"runtime-regression-U-correct","1080-static-True","rgb-frame-6.f16","1DE20C219105CC281CBA1364A0A21D0DDC4510A95458EC0CA3B8C893EA54F23A"
"runtime-regression-U-correct","1080-static-True","rgb-frame-7.f16","1DE20C219105CC281CBA1364A0A21D0DDC4510A95458EC0CA3B8C893EA54F23A"
"runtime-regression-U-correct","1080-static-True","rgb-frame-8.f16","1DE20C219105CC281CBA1364A0A21D0DDC4510A95458EC0CA3B8C893EA54F23A"
"runtime-regression-U-correct","1080-static-True","rgb-frame-9.f16","1DE20C219105CC281CBA1364A0A21D0DDC4510A95458EC0CA3B8C893EA54F23A"
"runtime-regression-U-correct","1080-static-True","rgb-frame-10.f16","1DE20C219105CC281CBA1364A0A21D0DDC4510A95458EC0CA3B8C893EA54F23A"
"runtime-regression-U-correct","1080-static-True","rgb-frame-11.f16","1DE20C219105CC281CBA1364A0A21D0DDC4510A95458EC0CA3B8C893EA54F23A"
"runtime-regression-U-correct","1080-motion-False","rgb-frame-0.f16","1DE20C219105CC281CBA1364A0A21D0DDC4510A95458EC0CA3B8C893EA54F23A"
"runtime-regression-U-correct","1080-motion-False","rgb-frame-1.f16","CC5A1EC9200EAE1A593274A028857CD6A2716E484FC60458A270F5A951E8FC31"
"runtime-regression-U-correct","1080-motion-False","rgb-frame-2.f16","A6B50EB44CAA964C14C94297637DA9515E8D781D2D2F58FC7CC5E5A0CD6C2236"
"runtime-regression-U-correct","1080-motion-False","rgb-frame-3.f16","0534759CAE267CE32689DE4BEA17F7DA070E857381B3B5911D61DC4143374D91"
"runtime-regression-U-correct","1080-motion-False","rgb-frame-4.f16","3D68B5461339BB57E742F2B2B3F9E344EFEA0CABF5A837CF4A09EC869008BED5"
"runtime-regression-U-correct","1080-motion-False","rgb-frame-5.f16","86F0247DC5815203D4DE23CA147E529348601268E87FBF69D0551D08AA1EDE06"
"runtime-regression-U-correct","1080-motion-False","rgb-frame-6.f16","D3169D119CD786C95F0F20366F8CD00446609D7B352DA1F8479E5AEE69BFE108"
"runtime-regression-U-correct","1080-motion-False","rgb-frame-7.f16","377277B12BC1430F1792BC9E8887FD2347AF3916CCD693D1983D61396EABD9C1"
"runtime-regression-U-correct","1080-motion-False","rgb-frame-8.f16","49F265C445401F92DFC5DEC6A0DF97335CC1E9118A6B9B2418AAB8FF60426B48"
"runtime-regression-U-correct","1080-motion-False","rgb-frame-9.f16","8A4B17F59D2815C18525BA04D279829502F8060D1719C621CAB0BF60A99A1660"
"runtime-regression-U-correct","1080-motion-False","rgb-frame-10.f16","972C9899E1E679BA1959C67C9AAE24128752B5625EFDFC5F1293DC341D232FBA"
"runtime-regression-U-correct","1080-motion-False","rgb-frame-11.f16","3D1B0382BD68F589EF9E7498380B0C9FE63C7A2F41CEA252BEDD216973A17E21"
"runtime-regression-U-correct","1080-motion-True","rgb-frame-0.f16","1DE20C219105CC281CBA1364A0A21D0DDC4510A95458EC0CA3B8C893EA54F23A"
"runtime-regression-U-correct","1080-motion-True","rgb-frame-1.f16","CC5A1EC9200EAE1A593274A028857CD6A2716E484FC60458A270F5A951E8FC31"
"runtime-regression-U-correct","1080-motion-True","rgb-frame-2.f16","A6B50EB44CAA964C14C94297637DA9515E8D781D2D2F58FC7CC5E5A0CD6C2236"
"runtime-regression-U-correct","1080-motion-True","rgb-frame-3.f16","0534759CAE267CE32689DE4BEA17F7DA070E857381B3B5911D61DC4143374D91"
"runtime-regression-U-correct","1080-motion-True","rgb-frame-4.f16","3D68B5461339BB57E742F2B2B3F9E344EFEA0CABF5A837CF4A09EC869008BED5"
"runtime-regression-U-correct","1080-motion-True","rgb-frame-5.f16","86F0247DC5815203D4DE23CA147E529348601268E87FBF69D0551D08AA1EDE06"
"runtime-regression-U-correct","1080-motion-True","rgb-frame-6.f16","D3169D119CD786C95F0F20366F8CD00446609D7B352DA1F8479E5AEE69BFE108"
"runtime-regression-U-correct","1080-motion-True","rgb-frame-7.f16","377277B12BC1430F1792BC9E8887FD2347AF3916CCD693D1983D61396EABD9C1"
"runtime-regression-U-correct","1080-motion-True","rgb-frame-8.f16","49F265C445401F92DFC5DEC6A0DF97335CC1E9118A6B9B2418AAB8FF60426B48"
"runtime-regression-U-correct","1080-motion-True","rgb-frame-9.f16","8A4B17F59D2815C18525BA04D279829502F8060D1719C621CAB0BF60A99A1660"
"runtime-regression-U-correct","1080-motion-True","rgb-frame-10.f16","972C9899E1E679BA1959C67C9AAE24128752B5625EFDFC5F1293DC341D232FBA"
"runtime-regression-U-correct","1080-motion-True","rgb-frame-11.f16","3D1B0382BD68F589EF9E7498380B0C9FE63C7A2F41CEA252BEDD216973A17E21"
"runtime-regression-U-correct","720-motion-False","rgb-frame-0.f16","7C8123612C47C98F3D152E40AC504BE813DEE83EC8C226D4C4E58828ECBEB384"
"runtime-regression-U-correct","720-motion-False","rgb-frame-1.f16","FB08EFC2121242BEC899691646074229CD95D4360F0F39922275F8AF4EE0177E"
"runtime-regression-U-correct","720-motion-False","rgb-frame-2.f16","CB11CAF484B4BF02A9C59C8E4BCE18FC2AF859C22D03FBE8E528327D9C16D465"
"runtime-regression-U-correct","720-motion-False","rgb-frame-3.f16","7A071F0E41ABAB6E47FDC5F008C49760F3010C251C1C637C84288B4C48C2B33C"
"runtime-regression-U-correct","720-motion-False","rgb-frame-4.f16","49A29F523111E10BC52A69D8F0870112BE09ABE230F32BE0D8E09A37AFF17DB2"
"runtime-regression-U-correct","720-motion-False","rgb-frame-5.f16","604A6272B9BC2B87E899B277DB4A87DB379361C2FBCDAEF89A4C197AF50822AF"
"runtime-regression-U-correct","720-motion-False","rgb-frame-6.f16","1A37FD22BD37A6700D194F4D116D9739EEEA891D27467A361CC78D2187819CC8"
"runtime-regression-U-correct","720-motion-False","rgb-frame-7.f16","7A0EE170F8F1E99D84C0A27CA14C91C06461B98820AF7DB039617C9D7FFBD7D1"
"runtime-regression-U-correct","720-motion-False","rgb-frame-8.f16","49A41D212BD7A8C66C320A034FB452F5C9762C62C5C23C4805C2F9AE268B84DB"
"runtime-regression-U-correct","720-motion-False","rgb-frame-9.f16","359463C15F890E5FFAC514D1E7FA0CA9DD5A00164C47F2D2B58DEF4A7F5BAF55"
"runtime-regression-U-correct","720-motion-False","rgb-frame-10.f16","0C081A4EC6FEC7A6E3F748AEBE8C864B79BA7A76C102997D6547345C7AB0B77E"
"runtime-regression-U-correct","720-motion-False","rgb-frame-11.f16","9B53BE7A73C0D397DC56BF5810778E69D123BFD81C48FCDBCB642526361A5F53"
"runtime-regression-U-correct","720-motion-True","rgb-frame-0.f16","7C8123612C47C98F3D152E40AC504BE813DEE83EC8C226D4C4E58828ECBEB384"
"runtime-regression-U-correct","720-motion-True","rgb-frame-1.f16","FB08EFC2121242BEC899691646074229CD95D4360F0F39922275F8AF4EE0177E"
"runtime-regression-U-correct","720-motion-True","rgb-frame-2.f16","CB11CAF484B4BF02A9C59C8E4BCE18FC2AF859C22D03FBE8E528327D9C16D465"
"runtime-regression-U-correct","720-motion-True","rgb-frame-3.f16","7A071F0E41ABAB6E47FDC5F008C49760F3010C251C1C637C84288B4C48C2B33C"
"runtime-regression-U-correct","720-motion-True","rgb-frame-4.f16","49A29F523111E10BC52A69D8F0870112BE09ABE230F32BE0D8E09A37AFF17DB2"
"runtime-regression-U-correct","720-motion-True","rgb-frame-5.f16","604A6272B9BC2B87E899B277DB4A87DB379361C2FBCDAEF89A4C197AF50822AF"
"runtime-regression-U-correct","720-motion-True","rgb-frame-6.f16","1A37FD22BD37A6700D194F4D116D9739EEEA891D27467A361CC78D2187819CC8"
"runtime-regression-U-correct","720-motion-True","rgb-frame-7.f16","7A0EE170F8F1E99D84C0A27CA14C91C06461B98820AF7DB039617C9D7FFBD7D1"
"runtime-regression-U-correct","720-motion-True","rgb-frame-8.f16","49A41D212BD7A8C66C320A034FB452F5C9762C62C5C23C4805C2F9AE268B84DB"
"runtime-regression-U-correct","720-motion-True","rgb-frame-9.f16","359463C15F890E5FFAC514D1E7FA0CA9DD5A00164C47F2D2B58DEF4A7F5BAF55"
"runtime-regression-U-correct","720-motion-True","rgb-frame-10.f16","0C081A4EC6FEC7A6E3F748AEBE8C864B79BA7A76C102997D6547345C7AB0B77E"
"runtime-regression-U-correct","720-motion-True","rgb-frame-11.f16","9B53BE7A73C0D397DC56BF5810778E69D123BFD81C48FCDBCB642526361A5F53"
"runtime-regression-U-correct","900-history-False","rgb-frame-0.f16","75AABA5EF94368353F3F17C034B53918151AA2EBC98FF870B2A057D08AE910AB"
"runtime-regression-U-correct","900-history-False","rgb-frame-1.f16","A78FD8A7A62669ED11341D62D62B40A318DA9C024CCF69A3420C835688B3C595"
"runtime-regression-U-correct","900-history-False","rgb-frame-2.f16","A2BCE36695918D9BA5002C8D822F0D41C438B71240126530EB2C26D3C6FE3857"
"runtime-regression-U-correct","900-history-False","rgb-frame-3.f16","EAD92221C91EF3ABA35036F064D992E432E46E9E7649FDA4BC76C327D21A0413"
"runtime-regression-U-correct","900-history-False","rgb-frame-4.f16","48A5B4051D24AD740D8D1FE78B1117FE4C760F3DDF78881DE196DB23B3A8C402"
"runtime-regression-U-correct","900-history-False","rgb-frame-5.f16","66D73BB7D121FAA5FFC1D50A8509F42F3E28E08625A4715D3049A4A5FF573020"
"runtime-regression-U-correct","900-history-False","rgb-frame-6.f16","6EF28E304FD3C8F6FEF6CA4190FD3B5F419D62381F12B31DEB907635D4531A60"
"runtime-regression-U-correct","900-history-False","rgb-frame-7.f16","9C397BBD2248B9AA7C685DAB873B426E3473C0B1B2D22BBAA5E8573F89F63846"
"runtime-regression-U-correct","900-history-False","rgb-frame-8.f16","F9FABBE4C023853CFCCC1C23E2090323FD7BD13C8FC3D432FAA3BC41E9517926"
"runtime-regression-U-correct","900-history-False","rgb-frame-9.f16","F1D0D8F409D9C67C4EA55AF6A6B071A0668871DC7B726204C74E4A79E6CEAFC7"
"runtime-regression-U-correct","900-history-False","rgb-frame-10.f16","31E0677C723AD3BE53962283F82CCEDB760FC07AD746B0641B22BFD482C65A6E"
"runtime-regression-U-correct","900-history-False","rgb-frame-11.f16","5F2D6F1AD1EA8B295A52A95AC2C9BFC9E056D613E6FD889E2A2060FB36085CED"
"runtime-regression-U-correct","900-history-True","rgb-frame-0.f16","75AABA5EF94368353F3F17C034B53918151AA2EBC98FF870B2A057D08AE910AB"
"runtime-regression-U-correct","900-history-True","rgb-frame-1.f16","A78FD8A7A62669ED11341D62D62B40A318DA9C024CCF69A3420C835688B3C595"
"runtime-regression-U-correct","900-history-True","rgb-frame-2.f16","A2BCE36695918D9BA5002C8D822F0D41C438B71240126530EB2C26D3C6FE3857"
"runtime-regression-U-correct","900-history-True","rgb-frame-3.f16","EAD92221C91EF3ABA35036F064D992E432E46E9E7649FDA4BC76C327D21A0413"
"runtime-regression-U-correct","900-history-True","rgb-frame-4.f16","48A5B4051D24AD740D8D1FE78B1117FE4C760F3DDF78881DE196DB23B3A8C402"
"runtime-regression-U-correct","900-history-True","rgb-frame-5.f16","66D73BB7D121FAA5FFC1D50A8509F42F3E28E08625A4715D3049A4A5FF573020"
"runtime-regression-U-correct","900-history-True","rgb-frame-6.f16","6EF28E304FD3C8F6FEF6CA4190FD3B5F419D62381F12B31DEB907635D4531A60"
"runtime-regression-U-correct","900-history-True","rgb-frame-7.f16","9C397BBD2248B9AA7C685DAB873B426E3473C0B1B2D22BBAA5E8573F89F63846"
"runtime-regression-U-correct","900-history-True","rgb-frame-8.f16","F9FABBE4C023853CFCCC1C23E2090323FD7BD13C8FC3D432FAA3BC41E9517926"
"runtime-regression-U-correct","900-history-True","rgb-frame-9.f16","F1D0D8F409D9C67C4EA55AF6A6B071A0668871DC7B726204C74E4A79E6CEAFC7"
"runtime-regression-U-correct","900-history-True","rgb-frame-10.f16","31E0677C723AD3BE53962283F82CCEDB760FC07AD746B0641B22BFD482C65A6E"
"runtime-regression-U-correct","900-history-True","rgb-frame-11.f16","5F2D6F1AD1EA8B295A52A95AC2C9BFC9E056D613E6FD889E2A2060FB36085CED"
"runtime-regression-U-correct","1080-history-False","rgb-frame-0.f16","1DE20C219105CC281CBA1364A0A21D0DDC4510A95458EC0CA3B8C893EA54F23A"
"runtime-regression-U-correct","1080-history-False","rgb-frame-1.f16","AAEC0AD89E4705CA4090EE6C71A9379464EAF04451D311A287E7D701C596CB38"
"runtime-regression-U-correct","1080-history-False","rgb-frame-2.f16","49DDB449255FBD2F82BBFEA401CD245CA0FDDDC59C3389D9E3CA14730FD1FF75"
"runtime-regression-U-correct","1080-history-False","rgb-frame-3.f16","E3286D74D63CD4C4C28F8992B22BCB3D8995AC86D678DFAA0003F5360CE0AC80"
"runtime-regression-U-correct","1080-history-False","rgb-frame-4.f16","39F3F5EB28C7A2C34A9737AE91D7FF74E389050C9C22C98E7F41E7F6D7F9CDBF"
"runtime-regression-U-correct","1080-history-False","rgb-frame-5.f16","38F54DD7C73A1C8A06797A949C3405B369C0E70F2EDEBA688182FACAFE9CE6B7"
"runtime-regression-U-correct","1080-history-False","rgb-frame-6.f16","748A180DD49672CD2F829C5C4BDED6D1B0D717C0F18BB322C93A23388FAEADAB"
"runtime-regression-U-correct","1080-history-False","rgb-frame-7.f16","0CD33EA46298CA27F06F0F6500795440764FB6FC802CF9C3A3742B592EE62C10"
"runtime-regression-U-correct","1080-history-False","rgb-frame-8.f16","7F81AAAEC14D62162FB57CCB1BAD30EDD4B234F89E1E0D1BF063962C52693670"
"runtime-regression-U-correct","1080-history-False","rgb-frame-9.f16","E7ED522F2F959FB50FE0E781E048587B46C5F457B5A7C3628D78F785022E57FE"
"runtime-regression-U-correct","1080-history-False","rgb-frame-10.f16","27A029C8AFE76E8B6703D1041657F65961E2A469165F5709A4D4721E64509470"
"runtime-regression-U-correct","1080-history-False","rgb-frame-11.f16","28D370EC05EDABA2E99B32891F7CDF670F0084D46A239A43F410B232BE97D506"
"runtime-regression-U-correct","1080-history-True","rgb-frame-0.f16","1DE20C219105CC281CBA1364A0A21D0DDC4510A95458EC0CA3B8C893EA54F23A"
"runtime-regression-U-correct","1080-history-True","rgb-frame-1.f16","AAEC0AD89E4705CA4090EE6C71A9379464EAF04451D311A287E7D701C596CB38"
"runtime-regression-U-correct","1080-history-True","rgb-frame-2.f16","49DDB449255FBD2F82BBFEA401CD245CA0FDDDC59C3389D9E3CA14730FD1FF75"
"runtime-regression-U-correct","1080-history-True","rgb-frame-3.f16","E3286D74D63CD4C4C28F8992B22BCB3D8995AC86D678DFAA0003F5360CE0AC80"
"runtime-regression-U-correct","1080-history-True","rgb-frame-4.f16","39F3F5EB28C7A2C34A9737AE91D7FF74E389050C9C22C98E7F41E7F6D7F9CDBF"
"runtime-regression-U-correct","1080-history-True","rgb-frame-5.f16","38F54DD7C73A1C8A06797A949C3405B369C0E70F2EDEBA688182FACAFE9CE6B7"
"runtime-regression-U-correct","1080-history-True","rgb-frame-6.f16","748A180DD49672CD2F829C5C4BDED6D1B0D717C0F18BB322C93A23388FAEADAB"
"runtime-regression-U-correct","1080-history-True","rgb-frame-7.f16","0CD33EA46298CA27F06F0F6500795440764FB6FC802CF9C3A3742B592EE62C10"
"runtime-regression-U-correct","1080-history-True","rgb-frame-8.f16","7F81AAAEC14D62162FB57CCB1BAD30EDD4B234F89E1E0D1BF063962C52693670"
"runtime-regression-U-correct","1080-history-True","rgb-frame-9.f16","E7ED522F2F959FB50FE0E781E048587B46C5F457B5A7C3628D78F785022E57FE"
"runtime-regression-U-correct","1080-history-True","rgb-frame-10.f16","27A029C8AFE76E8B6703D1041657F65961E2A469165F5709A4D4721E64509470"
"runtime-regression-U-correct","1080-history-True","rgb-frame-11.f16","28D370EC05EDABA2E99B32891F7CDF670F0084D46A239A43F410B232BE97D506"
"runtime-regression-U-adaptive","900-static-False","rgb-frame-0.f16","75AABA5EF94368353F3F17C034B53918151AA2EBC98FF870B2A057D08AE910AB"
"runtime-regression-U-adaptive","900-static-False","rgb-frame-1.f16","75AABA5EF94368353F3F17C034B53918151AA2EBC98FF870B2A057D08AE910AB"
"runtime-regression-U-adaptive","900-static-False","rgb-frame-2.f16","75AABA5EF94368353F3F17C034B53918151AA2EBC98FF870B2A057D08AE910AB"
"runtime-regression-U-adaptive","900-static-False","rgb-frame-3.f16","75AABA5EF94368353F3F17C034B53918151AA2EBC98FF870B2A057D08AE910AB"
"runtime-regression-U-adaptive","900-static-False","rgb-frame-4.f16","75AABA5EF94368353F3F17C034B53918151AA2EBC98FF870B2A057D08AE910AB"
"runtime-regression-U-adaptive","900-static-False","rgb-frame-5.f16","75AABA5EF94368353F3F17C034B53918151AA2EBC98FF870B2A057D08AE910AB"
"runtime-regression-U-adaptive","900-static-False","rgb-frame-6.f16","75AABA5EF94368353F3F17C034B53918151AA2EBC98FF870B2A057D08AE910AB"
"runtime-regression-U-adaptive","900-static-False","rgb-frame-7.f16","75AABA5EF94368353F3F17C034B53918151AA2EBC98FF870B2A057D08AE910AB"
"runtime-regression-U-adaptive","900-static-False","rgb-frame-8.f16","75AABA5EF94368353F3F17C034B53918151AA2EBC98FF870B2A057D08AE910AB"
"runtime-regression-U-adaptive","900-static-False","rgb-frame-9.f16","75AABA5EF94368353F3F17C034B53918151AA2EBC98FF870B2A057D08AE910AB"
"runtime-regression-U-adaptive","900-static-False","rgb-frame-10.f16","75AABA5EF94368353F3F17C034B53918151AA2EBC98FF870B2A057D08AE910AB"
"runtime-regression-U-adaptive","900-static-False","rgb-frame-11.f16","75AABA5EF94368353F3F17C034B53918151AA2EBC98FF870B2A057D08AE910AB"
"runtime-regression-U-adaptive","900-static-True","rgb-frame-0.f16","75AABA5EF94368353F3F17C034B53918151AA2EBC98FF870B2A057D08AE910AB"
"runtime-regression-U-adaptive","900-static-True","rgb-frame-1.f16","75AABA5EF94368353F3F17C034B53918151AA2EBC98FF870B2A057D08AE910AB"
"runtime-regression-U-adaptive","900-static-True","rgb-frame-2.f16","75AABA5EF94368353F3F17C034B53918151AA2EBC98FF870B2A057D08AE910AB"
"runtime-regression-U-adaptive","900-static-True","rgb-frame-3.f16","75AABA5EF94368353F3F17C034B53918151AA2EBC98FF870B2A057D08AE910AB"
"runtime-regression-U-adaptive","900-static-True","rgb-frame-4.f16","75AABA5EF94368353F3F17C034B53918151AA2EBC98FF870B2A057D08AE910AB"
"runtime-regression-U-adaptive","900-static-True","rgb-frame-5.f16","75AABA5EF94368353F3F17C034B53918151AA2EBC98FF870B2A057D08AE910AB"
"runtime-regression-U-adaptive","900-static-True","rgb-frame-6.f16","75AABA5EF94368353F3F17C034B53918151AA2EBC98FF870B2A057D08AE910AB"
"runtime-regression-U-adaptive","900-static-True","rgb-frame-7.f16","75AABA5EF94368353F3F17C034B53918151AA2EBC98FF870B2A057D08AE910AB"
"runtime-regression-U-adaptive","900-static-True","rgb-frame-8.f16","75AABA5EF94368353F3F17C034B53918151AA2EBC98FF870B2A057D08AE910AB"
"runtime-regression-U-adaptive","900-static-True","rgb-frame-9.f16","75AABA5EF94368353F3F17C034B53918151AA2EBC98FF870B2A057D08AE910AB"
"runtime-regression-U-adaptive","900-static-True","rgb-frame-10.f16","75AABA5EF94368353F3F17C034B53918151AA2EBC98FF870B2A057D08AE910AB"
"runtime-regression-U-adaptive","900-static-True","rgb-frame-11.f16","75AABA5EF94368353F3F17C034B53918151AA2EBC98FF870B2A057D08AE910AB"
"runtime-regression-U-adaptive","900-motion-False","rgb-frame-0.f16","75AABA5EF94368353F3F17C034B53918151AA2EBC98FF870B2A057D08AE910AB"
"runtime-regression-U-adaptive","900-motion-False","rgb-frame-1.f16","092E30DE447D43FC2BCAC9D5965EC4BC5042CF64FA4428F7DD681BF157804DC5"
"runtime-regression-U-adaptive","900-motion-False","rgb-frame-2.f16","507239F070F03F13FF544B6560DB6C7584444D6695C780AE33474214EA6244EC"
"runtime-regression-U-adaptive","900-motion-False","rgb-frame-3.f16","89642CB722CB14A02D57E0D1B6C033553C17E1727BEDDE4EB5040E01C4F10D99"
"runtime-regression-U-adaptive","900-motion-False","rgb-frame-4.f16","91D42E3489D38CB4358D330D83AB4A35C7316476FEF109AA2687988C951520FC"
"runtime-regression-U-adaptive","900-motion-False","rgb-frame-5.f16","7CC1E15799AF0EE02D5DC7754721880E210E96A41F695BC38337FC0912104471"
"runtime-regression-U-adaptive","900-motion-False","rgb-frame-6.f16","D60B6F8526F56EFE8005C89A7A0411F57661FA33C0ABD81000542B5CDB3A8227"
"runtime-regression-U-adaptive","900-motion-False","rgb-frame-7.f16","CCABEF95C0C9B07A59A15DF99F2C2CD39A37ADE5753D3DB5D49290256F8560B0"
"runtime-regression-U-adaptive","900-motion-False","rgb-frame-8.f16","5B265816D3AC03A67FEAB0ACA16649BD4F60604DEE59774921A55D3F5010616E"
"runtime-regression-U-adaptive","900-motion-False","rgb-frame-9.f16","B1DB19B42AC1BD336606D3E474F106D9FA0F9F340271F32456DA4CFB41FE0F58"
"runtime-regression-U-adaptive","900-motion-False","rgb-frame-10.f16","CBDB5DD80852C67072DCEA386E8BEFD7D5E4843495B13D97C65BE0E3F508545C"
"runtime-regression-U-adaptive","900-motion-False","rgb-frame-11.f16","5104F039569FE20C0EDCAB1FB68D56DB041406F3DDB38FC49DD2DD1D1EC636D1"
"runtime-regression-U-adaptive","900-motion-True","rgb-frame-0.f16","75AABA5EF94368353F3F17C034B53918151AA2EBC98FF870B2A057D08AE910AB"
"runtime-regression-U-adaptive","900-motion-True","rgb-frame-1.f16","092E30DE447D43FC2BCAC9D5965EC4BC5042CF64FA4428F7DD681BF157804DC5"
"runtime-regression-U-adaptive","900-motion-True","rgb-frame-2.f16","507239F070F03F13FF544B6560DB6C7584444D6695C780AE33474214EA6244EC"
"runtime-regression-U-adaptive","900-motion-True","rgb-frame-3.f16","89642CB722CB14A02D57E0D1B6C033553C17E1727BEDDE4EB5040E01C4F10D99"
"runtime-regression-U-adaptive","900-motion-True","rgb-frame-4.f16","91D42E3489D38CB4358D330D83AB4A35C7316476FEF109AA2687988C951520FC"
"runtime-regression-U-adaptive","900-motion-True","rgb-frame-5.f16","7CC1E15799AF0EE02D5DC7754721880E210E96A41F695BC38337FC0912104471"
"runtime-regression-U-adaptive","900-motion-True","rgb-frame-6.f16","D60B6F8526F56EFE8005C89A7A0411F57661FA33C0ABD81000542B5CDB3A8227"
"runtime-regression-U-adaptive","900-motion-True","rgb-frame-7.f16","CCABEF95C0C9B07A59A15DF99F2C2CD39A37ADE5753D3DB5D49290256F8560B0"
"runtime-regression-U-adaptive","900-motion-True","rgb-frame-8.f16","5B265816D3AC03A67FEAB0ACA16649BD4F60604DEE59774921A55D3F5010616E"
"runtime-regression-U-adaptive","900-motion-True","rgb-frame-9.f16","B1DB19B42AC1BD336606D3E474F106D9FA0F9F340271F32456DA4CFB41FE0F58"
"runtime-regression-U-adaptive","900-motion-True","rgb-frame-10.f16","CBDB5DD80852C67072DCEA386E8BEFD7D5E4843495B13D97C65BE0E3F508545C"
"runtime-regression-U-adaptive","900-motion-True","rgb-frame-11.f16","5104F039569FE20C0EDCAB1FB68D56DB041406F3DDB38FC49DD2DD1D1EC636D1"
"runtime-regression-U-adaptive","1080-static-False","rgb-frame-0.f16","1DE20C219105CC281CBA1364A0A21D0DDC4510A95458EC0CA3B8C893EA54F23A"
"runtime-regression-U-adaptive","1080-static-False","rgb-frame-1.f16","1DE20C219105CC281CBA1364A0A21D0DDC4510A95458EC0CA3B8C893EA54F23A"
"runtime-regression-U-adaptive","1080-static-False","rgb-frame-2.f16","1DE20C219105CC281CBA1364A0A21D0DDC4510A95458EC0CA3B8C893EA54F23A"
"runtime-regression-U-adaptive","1080-static-False","rgb-frame-3.f16","1DE20C219105CC281CBA1364A0A21D0DDC4510A95458EC0CA3B8C893EA54F23A"
"runtime-regression-U-adaptive","1080-static-False","rgb-frame-4.f16","1DE20C219105CC281CBA1364A0A21D0DDC4510A95458EC0CA3B8C893EA54F23A"
"runtime-regression-U-adaptive","1080-static-False","rgb-frame-5.f16","1DE20C219105CC281CBA1364A0A21D0DDC4510A95458EC0CA3B8C893EA54F23A"
"runtime-regression-U-adaptive","1080-static-False","rgb-frame-6.f16","1DE20C219105CC281CBA1364A0A21D0DDC4510A95458EC0CA3B8C893EA54F23A"
"runtime-regression-U-adaptive","1080-static-False","rgb-frame-7.f16","1DE20C219105CC281CBA1364A0A21D0DDC4510A95458EC0CA3B8C893EA54F23A"
"runtime-regression-U-adaptive","1080-static-False","rgb-frame-8.f16","1DE20C219105CC281CBA1364A0A21D0DDC4510A95458EC0CA3B8C893EA54F23A"
"runtime-regression-U-adaptive","1080-static-False","rgb-frame-9.f16","1DE20C219105CC281CBA1364A0A21D0DDC4510A95458EC0CA3B8C893EA54F23A"
"runtime-regression-U-adaptive","1080-static-False","rgb-frame-10.f16","1DE20C219105CC281CBA1364A0A21D0DDC4510A95458EC0CA3B8C893EA54F23A"
"runtime-regression-U-adaptive","1080-static-False","rgb-frame-11.f16","1DE20C219105CC281CBA1364A0A21D0DDC4510A95458EC0CA3B8C893EA54F23A"
"runtime-regression-U-adaptive","1080-static-True","rgb-frame-0.f16","1DE20C219105CC281CBA1364A0A21D0DDC4510A95458EC0CA3B8C893EA54F23A"
"runtime-regression-U-adaptive","1080-static-True","rgb-frame-1.f16","1DE20C219105CC281CBA1364A0A21D0DDC4510A95458EC0CA3B8C893EA54F23A"
"runtime-regression-U-adaptive","1080-static-True","rgb-frame-2.f16","1DE20C219105CC281CBA1364A0A21D0DDC4510A95458EC0CA3B8C893EA54F23A"
"runtime-regression-U-adaptive","1080-static-True","rgb-frame-3.f16","1DE20C219105CC281CBA1364A0A21D0DDC4510A95458EC0CA3B8C893EA54F23A"
"runtime-regression-U-adaptive","1080-static-True","rgb-frame-4.f16","1DE20C219105CC281CBA1364A0A21D0DDC4510A95458EC0CA3B8C893EA54F23A"
"runtime-regression-U-adaptive","1080-static-True","rgb-frame-5.f16","1DE20C219105CC281CBA1364A0A21D0DDC4510A95458EC0CA3B8C893EA54F23A"
"runtime-regression-U-adaptive","1080-static-True","rgb-frame-6.f16","1DE20C219105CC281CBA1364A0A21D0DDC4510A95458EC0CA3B8C893EA54F23A"
"runtime-regression-U-adaptive","1080-static-True","rgb-frame-7.f16","1DE20C219105CC281CBA1364A0A21D0DDC4510A95458EC0CA3B8C893EA54F23A"
"runtime-regression-U-adaptive","1080-static-True","rgb-frame-8.f16","1DE20C219105CC281CBA1364A0A21D0DDC4510A95458EC0CA3B8C893EA54F23A"
"runtime-regression-U-adaptive","1080-static-True","rgb-frame-9.f16","1DE20C219105CC281CBA1364A0A21D0DDC4510A95458EC0CA3B8C893EA54F23A"
"runtime-regression-U-adaptive","1080-static-True","rgb-frame-10.f16","1DE20C219105CC281CBA1364A0A21D0DDC4510A95458EC0CA3B8C893EA54F23A"
"runtime-regression-U-adaptive","1080-static-True","rgb-frame-11.f16","1DE20C219105CC281CBA1364A0A21D0DDC4510A95458EC0CA3B8C893EA54F23A"
"runtime-regression-U-adaptive","1080-motion-False","rgb-frame-0.f16","1DE20C219105CC281CBA1364A0A21D0DDC4510A95458EC0CA3B8C893EA54F23A"
"runtime-regression-U-adaptive","1080-motion-False","rgb-frame-1.f16","CC5A1EC9200EAE1A593274A028857CD6A2716E484FC60458A270F5A951E8FC31"
"runtime-regression-U-adaptive","1080-motion-False","rgb-frame-2.f16","3DE574BB7AF5B88082E9A92667B4B8B270F3FA4601D2E1959E24540C7C483B1E"
"runtime-regression-U-adaptive","1080-motion-False","rgb-frame-3.f16","92987F7B6E4D927367D6FF08983577E5E987739234753738C7FE1A2DA0C5CA2D"
"runtime-regression-U-adaptive","1080-motion-False","rgb-frame-4.f16","3D68B5461339BB57E742F2B2B3F9E344EFEA0CABF5A837CF4A09EC869008BED5"
"runtime-regression-U-adaptive","1080-motion-False","rgb-frame-5.f16","FDBCEF6F648AF3C72CD1DE517C07BF4A21DF04653830556DF7297E2065F779DF"
"runtime-regression-U-adaptive","1080-motion-False","rgb-frame-6.f16","EA25DB8EB9DA9EC9CEAF29440C92421AE7297EC6C1908EEC4A9C0A54F7F40A76"
"runtime-regression-U-adaptive","1080-motion-False","rgb-frame-7.f16","377277B12BC1430F1792BC9E8887FD2347AF3916CCD693D1983D61396EABD9C1"
"runtime-regression-U-adaptive","1080-motion-False","rgb-frame-8.f16","F9F93A62701B217FADB2CFDCE5D2C5C8919CD29B9916D9FD18809E34CF0B5C0C"
"runtime-regression-U-adaptive","1080-motion-False","rgb-frame-9.f16","3B1813A7D58A795A23C3F402AEA75392481EAD049F2B60A77F538F8A8B427281"
"runtime-regression-U-adaptive","1080-motion-False","rgb-frame-10.f16","972C9899E1E679BA1959C67C9AAE24128752B5625EFDFC5F1293DC341D232FBA"
"runtime-regression-U-adaptive","1080-motion-False","rgb-frame-11.f16","0ED23ADE940C9AE527BE261BD726F48BE064D3D4C4CD0DB6F61CEA69ABFECD6F"
"runtime-regression-U-adaptive","1080-motion-True","rgb-frame-0.f16","1DE20C219105CC281CBA1364A0A21D0DDC4510A95458EC0CA3B8C893EA54F23A"
"runtime-regression-U-adaptive","1080-motion-True","rgb-frame-1.f16","CC5A1EC9200EAE1A593274A028857CD6A2716E484FC60458A270F5A951E8FC31"
"runtime-regression-U-adaptive","1080-motion-True","rgb-frame-2.f16","3DE574BB7AF5B88082E9A92667B4B8B270F3FA4601D2E1959E24540C7C483B1E"
"runtime-regression-U-adaptive","1080-motion-True","rgb-frame-3.f16","92987F7B6E4D927367D6FF08983577E5E987739234753738C7FE1A2DA0C5CA2D"
"runtime-regression-U-adaptive","1080-motion-True","rgb-frame-4.f16","3D68B5461339BB57E742F2B2B3F9E344EFEA0CABF5A837CF4A09EC869008BED5"
"runtime-regression-U-adaptive","1080-motion-True","rgb-frame-5.f16","FDBCEF6F648AF3C72CD1DE517C07BF4A21DF04653830556DF7297E2065F779DF"
"runtime-regression-U-adaptive","1080-motion-True","rgb-frame-6.f16","EA25DB8EB9DA9EC9CEAF29440C92421AE7297EC6C1908EEC4A9C0A54F7F40A76"
"runtime-regression-U-adaptive","1080-motion-True","rgb-frame-7.f16","377277B12BC1430F1792BC9E8887FD2347AF3916CCD693D1983D61396EABD9C1"
"runtime-regression-U-adaptive","1080-motion-True","rgb-frame-8.f16","F9F93A62701B217FADB2CFDCE5D2C5C8919CD29B9916D9FD18809E34CF0B5C0C"
"runtime-regression-U-adaptive","1080-motion-True","rgb-frame-9.f16","3B1813A7D58A795A23C3F402AEA75392481EAD049F2B60A77F538F8A8B427281"
"runtime-regression-U-adaptive","1080-motion-True","rgb-frame-10.f16","972C9899E1E679BA1959C67C9AAE24128752B5625EFDFC5F1293DC341D232FBA"
"runtime-regression-U-adaptive","1080-motion-True","rgb-frame-11.f16","0ED23ADE940C9AE527BE261BD726F48BE064D3D4C4CD0DB6F61CEA69ABFECD6F"
"runtime-regression-U-adaptive","720-motion-False","rgb-frame-0.f16","7C8123612C47C98F3D152E40AC504BE813DEE83EC8C226D4C4E58828ECBEB384"
"runtime-regression-U-adaptive","720-motion-False","rgb-frame-1.f16","FB08EFC2121242BEC899691646074229CD95D4360F0F39922275F8AF4EE0177E"
"runtime-regression-U-adaptive","720-motion-False","rgb-frame-2.f16","1C7055BF7225D693BB3956085D52876462723F4180889B24B41093B7CFE273EF"
"runtime-regression-U-adaptive","720-motion-False","rgb-frame-3.f16","5C79123DF57200F6E13DDBCF32EA8F948C52F5447A58A016A4CCF0EB0554E5BA"
"runtime-regression-U-adaptive","720-motion-False","rgb-frame-4.f16","49A29F523111E10BC52A69D8F0870112BE09ABE230F32BE0D8E09A37AFF17DB2"
"runtime-regression-U-adaptive","720-motion-False","rgb-frame-5.f16","F326C601AFD60A5E5DB3452BDF7C40869437662B71BAD0F8425FB57F91DC52AF"
"runtime-regression-U-adaptive","720-motion-False","rgb-frame-6.f16","7834CBF5F6C387A29F71752352BF8B60CE1E1D817209A70DD0367EA3A97D6CA8"
"runtime-regression-U-adaptive","720-motion-False","rgb-frame-7.f16","5CA4923F25F9FA09A766F0CF9D6D55E7EE227FA063917B7987ECA49EF87E596A"
"runtime-regression-U-adaptive","720-motion-False","rgb-frame-8.f16","49A41D212BD7A8C66C320A034FB452F5C9762C62C5C23C4805C2F9AE268B84DB"
"runtime-regression-U-adaptive","720-motion-False","rgb-frame-9.f16","424D64991DAAA7F3080F73BBA20CD94C62525F317D9267A374AF908A34EC2834"
"runtime-regression-U-adaptive","720-motion-False","rgb-frame-10.f16","D7D6FC830534F6DD448C1189DDC5CD42048183428A9627FAEF19BF6CA4F481BF"
"runtime-regression-U-adaptive","720-motion-False","rgb-frame-11.f16","0D0F1989507D9D159D30355549400380894D337F2BDF20D3981E7F0644E9DF8F"
"runtime-regression-U-adaptive","720-motion-True","rgb-frame-0.f16","7C8123612C47C98F3D152E40AC504BE813DEE83EC8C226D4C4E58828ECBEB384"
"runtime-regression-U-adaptive","720-motion-True","rgb-frame-1.f16","FB08EFC2121242BEC899691646074229CD95D4360F0F39922275F8AF4EE0177E"
"runtime-regression-U-adaptive","720-motion-True","rgb-frame-2.f16","1C7055BF7225D693BB3956085D52876462723F4180889B24B41093B7CFE273EF"
"runtime-regression-U-adaptive","720-motion-True","rgb-frame-3.f16","5C79123DF57200F6E13DDBCF32EA8F948C52F5447A58A016A4CCF0EB0554E5BA"
"runtime-regression-U-adaptive","720-motion-True","rgb-frame-4.f16","49A29F523111E10BC52A69D8F0870112BE09ABE230F32BE0D8E09A37AFF17DB2"
"runtime-regression-U-adaptive","720-motion-True","rgb-frame-5.f16","F326C601AFD60A5E5DB3452BDF7C40869437662B71BAD0F8425FB57F91DC52AF"
"runtime-regression-U-adaptive","720-motion-True","rgb-frame-6.f16","7834CBF5F6C387A29F71752352BF8B60CE1E1D817209A70DD0367EA3A97D6CA8"
"runtime-regression-U-adaptive","720-motion-True","rgb-frame-7.f16","5CA4923F25F9FA09A766F0CF9D6D55E7EE227FA063917B7987ECA49EF87E596A"
"runtime-regression-U-adaptive","720-motion-True","rgb-frame-8.f16","49A41D212BD7A8C66C320A034FB452F5C9762C62C5C23C4805C2F9AE268B84DB"
"runtime-regression-U-adaptive","720-motion-True","rgb-frame-9.f16","424D64991DAAA7F3080F73BBA20CD94C62525F317D9267A374AF908A34EC2834"
"runtime-regression-U-adaptive","720-motion-True","rgb-frame-10.f16","D7D6FC830534F6DD448C1189DDC5CD42048183428A9627FAEF19BF6CA4F481BF"
"runtime-regression-U-adaptive","720-motion-True","rgb-frame-11.f16","0D0F1989507D9D159D30355549400380894D337F2BDF20D3981E7F0644E9DF8F"
"runtime-regression-U-adaptive","900-history-False","rgb-frame-0.f16","75AABA5EF94368353F3F17C034B53918151AA2EBC98FF870B2A057D08AE910AB"
"runtime-regression-U-adaptive","900-history-False","rgb-frame-1.f16","A78FD8A7A62669ED11341D62D62B40A318DA9C024CCF69A3420C835688B3C595"
"runtime-regression-U-adaptive","900-history-False","rgb-frame-2.f16","A2BCE36695918D9BA5002C8D822F0D41C438B71240126530EB2C26D3C6FE3857"
"runtime-regression-U-adaptive","900-history-False","rgb-frame-3.f16","999CAC93ECAA6565A7FC6227499D4FADB11CA4712F0C3DE76350DE86BFFF5533"
"runtime-regression-U-adaptive","900-history-False","rgb-frame-4.f16","62A5A1853B80258EAD1DA5EA4F4ECA09C67B5B764C1895248043899F07EACBB7"
"runtime-regression-U-adaptive","900-history-False","rgb-frame-5.f16","E909DDE7B04A0A33467950AB33C04635F94625469E13A997D51F9889961FEF05"
"runtime-regression-U-adaptive","900-history-False","rgb-frame-6.f16","C95F4FF97B87C53E6F7C71AC481E66B11030DDE98AA316414E56A3A1D208971D"
"runtime-regression-U-adaptive","900-history-False","rgb-frame-7.f16","0926DFC1986058A7FEA7A39BDC0CBE42B0415D037402798A568AA04B80136872"
"runtime-regression-U-adaptive","900-history-False","rgb-frame-8.f16","1414E1E3341C23CA5CF9E5CEB38D7F366F0A1F386AE958B82FEC6C74A1AD8786"
"runtime-regression-U-adaptive","900-history-False","rgb-frame-9.f16","AD74AE13BE4746257FC8677A107E4DB11F040C0911E10C4AD46F050D40F6C3C2"
"runtime-regression-U-adaptive","900-history-False","rgb-frame-10.f16","4D34A4D659647681D1B96B2B47E60E7103B983EABF2333CC14BBF76D15EEA234"
"runtime-regression-U-adaptive","900-history-False","rgb-frame-11.f16","8FA2794CE21091F26C0BAFFE79981CD86BB9C3CDA329D0773D0066F776E6106F"
"runtime-regression-U-adaptive","900-history-True","rgb-frame-0.f16","75AABA5EF94368353F3F17C034B53918151AA2EBC98FF870B2A057D08AE910AB"
"runtime-regression-U-adaptive","900-history-True","rgb-frame-1.f16","A78FD8A7A62669ED11341D62D62B40A318DA9C024CCF69A3420C835688B3C595"
"runtime-regression-U-adaptive","900-history-True","rgb-frame-2.f16","A2BCE36695918D9BA5002C8D822F0D41C438B71240126530EB2C26D3C6FE3857"
"runtime-regression-U-adaptive","900-history-True","rgb-frame-3.f16","999CAC93ECAA6565A7FC6227499D4FADB11CA4712F0C3DE76350DE86BFFF5533"
"runtime-regression-U-adaptive","900-history-True","rgb-frame-4.f16","62A5A1853B80258EAD1DA5EA4F4ECA09C67B5B764C1895248043899F07EACBB7"
"runtime-regression-U-adaptive","900-history-True","rgb-frame-5.f16","E909DDE7B04A0A33467950AB33C04635F94625469E13A997D51F9889961FEF05"
"runtime-regression-U-adaptive","900-history-True","rgb-frame-6.f16","C95F4FF97B87C53E6F7C71AC481E66B11030DDE98AA316414E56A3A1D208971D"
"runtime-regression-U-adaptive","900-history-True","rgb-frame-7.f16","0926DFC1986058A7FEA7A39BDC0CBE42B0415D037402798A568AA04B80136872"
"runtime-regression-U-adaptive","900-history-True","rgb-frame-8.f16","1414E1E3341C23CA5CF9E5CEB38D7F366F0A1F386AE958B82FEC6C74A1AD8786"
"runtime-regression-U-adaptive","900-history-True","rgb-frame-9.f16","AD74AE13BE4746257FC8677A107E4DB11F040C0911E10C4AD46F050D40F6C3C2"
"runtime-regression-U-adaptive","900-history-True","rgb-frame-10.f16","4D34A4D659647681D1B96B2B47E60E7103B983EABF2333CC14BBF76D15EEA234"
"runtime-regression-U-adaptive","900-history-True","rgb-frame-11.f16","8FA2794CE21091F26C0BAFFE79981CD86BB9C3CDA329D0773D0066F776E6106F"
"runtime-regression-U-adaptive","1080-history-False","rgb-frame-0.f16","1DE20C219105CC281CBA1364A0A21D0DDC4510A95458EC0CA3B8C893EA54F23A"
"runtime-regression-U-adaptive","1080-history-False","rgb-frame-1.f16","AAEC0AD89E4705CA4090EE6C71A9379464EAF04451D311A287E7D701C596CB38"
"runtime-regression-U-adaptive","1080-history-False","rgb-frame-2.f16","49DDB449255FBD2F82BBFEA401CD245CA0FDDDC59C3389D9E3CA14730FD1FF75"
"runtime-regression-U-adaptive","1080-history-False","rgb-frame-3.f16","E3286D74D63CD4C4C28F8992B22BCB3D8995AC86D678DFAA0003F5360CE0AC80"
"runtime-regression-U-adaptive","1080-history-False","rgb-frame-4.f16","39F3F5EB28C7A2C34A9737AE91D7FF74E389050C9C22C98E7F41E7F6D7F9CDBF"
"runtime-regression-U-adaptive","1080-history-False","rgb-frame-5.f16","38F54DD7C73A1C8A06797A949C3405B369C0E70F2EDEBA688182FACAFE9CE6B7"
"runtime-regression-U-adaptive","1080-history-False","rgb-frame-6.f16","748A180DD49672CD2F829C5C4BDED6D1B0D717C0F18BB322C93A23388FAEADAB"
"runtime-regression-U-adaptive","1080-history-False","rgb-frame-7.f16","0CD33EA46298CA27F06F0F6500795440764FB6FC802CF9C3A3742B592EE62C10"
"runtime-regression-U-adaptive","1080-history-False","rgb-frame-8.f16","7F81AAAEC14D62162FB57CCB1BAD30EDD4B234F89E1E0D1BF063962C52693670"
"runtime-regression-U-adaptive","1080-history-False","rgb-frame-9.f16","E7ED522F2F959FB50FE0E781E048587B46C5F457B5A7C3628D78F785022E57FE"
"runtime-regression-U-adaptive","1080-history-False","rgb-frame-10.f16","27A029C8AFE76E8B6703D1041657F65961E2A469165F5709A4D4721E64509470"
"runtime-regression-U-adaptive","1080-history-False","rgb-frame-11.f16","28D370EC05EDABA2E99B32891F7CDF670F0084D46A239A43F410B232BE97D506"
"runtime-regression-U-adaptive","1080-history-True","rgb-frame-0.f16","1DE20C219105CC281CBA1364A0A21D0DDC4510A95458EC0CA3B8C893EA54F23A"
"runtime-regression-U-adaptive","1080-history-True","rgb-frame-1.f16","AAEC0AD89E4705CA4090EE6C71A9379464EAF04451D311A287E7D701C596CB38"
"runtime-regression-U-adaptive","1080-history-True","rgb-frame-2.f16","49DDB449255FBD2F82BBFEA401CD245CA0FDDDC59C3389D9E3CA14730FD1FF75"
"runtime-regression-U-adaptive","1080-history-True","rgb-frame-3.f16","E3286D74D63CD4C4C28F8992B22BCB3D8995AC86D678DFAA0003F5360CE0AC80"
"runtime-regression-U-adaptive","1080-history-True","rgb-frame-4.f16","39F3F5EB28C7A2C34A9737AE91D7FF74E389050C9C22C98E7F41E7F6D7F9CDBF"
"runtime-regression-U-adaptive","1080-history-True","rgb-frame-5.f16","38F54DD7C73A1C8A06797A949C3405B369C0E70F2EDEBA688182FACAFE9CE6B7"
"runtime-regression-U-adaptive","1080-history-True","rgb-frame-6.f16","748A180DD49672CD2F829C5C4BDED6D1B0D717C0F18BB322C93A23388FAEADAB"
"runtime-regression-U-adaptive","1080-history-True","rgb-frame-7.f16","0CD33EA46298CA27F06F0F6500795440764FB6FC802CF9C3A3742B592EE62C10"
"runtime-regression-U-adaptive","1080-history-True","rgb-frame-8.f16","7F81AAAEC14D62162FB57CCB1BAD30EDD4B234F89E1E0D1BF063962C52693670"
"runtime-regression-U-adaptive","1080-history-True","rgb-frame-9.f16","E7ED522F2F959FB50FE0E781E048587B46C5F457B5A7C3628D78F785022E57FE"
"runtime-regression-U-adaptive","1080-history-True","rgb-frame-10.f16","27A029C8AFE76E8B6703D1041657F65961E2A469165F5709A4D4721E64509470"
"runtime-regression-U-adaptive","1080-history-True","rgb-frame-11.f16","28D370EC05EDABA2E99B32891F7CDF670F0084D46A239A43F410B232BE97D506"
