frame,gpu_ms,cpu_ms
0,9.0302,9.366
1,9.30746,9.407
2,9.44338,9.607
3,9.22638,9.431
4,9.28004,9.408
5,9.40088,9.515
6,9.32862,9.454
7,9.38774,9.568
8,9.19288,9.437
9,9.28744,9.388
10,9.3101,9.42
11,9.3387,9.433
12,9.31006,9.414
13,9.34818,9.5
14,9.27982,9.442
15,9.31796,9.435
16,9.2727,9.402
17,9.29902,9.422
18,9.3216,9.432
19,9.2558,9.4
20,9.35074,9.501
21,9.23042,9.43
22,9.31278,9.442
23,9.28492,9.396
24,9.34854,9.461
25,9.33026,9.466
26,9.30226,9.521
27,9.28522,9.442
28,9.28696,9.463
29,9.25058,9.363
30,9.33884,9.456
31,9.26472,9.437
32,9.38298,9.554
33,9.15612,9.426
34,9.20952,9.413
35,9.36434,9.464
36,9.40002,9.517
37,9.20714,9.394
38,9.30748,9.439
39,9.21066,9.335
40,9.35146,9.508
41,9.27818,9.405
42,9.30984,9.434
43,9.44724,9.572
44,9.19768,9.389
45,9.24514,9.346
46,9.32662,9.45
47,9.31178,9.418
48,9.36978,9.467
49,9.30402,9.416
50,9.34682,9.452
51,9.24766,9.521
52,9.30898,9.469
53,9.32874,9.431
54,9.32612,9.494
55,9.2971,9.503
56,9.26204,9.447
57,9.28644,9.415
58,9.25884,9.436
59,9.40894,9.551
60,9.33748,9.465
61,9.22508,9.392
62,9.37638,9.588
63,9.25334,9.409
64,9.3601,9.488
65,9.21354,9.401
66,9.33022,9.441
67,9.21176,9.357
68,9.26976,9.422
69,9.57218,9.785
70,9.2508,9.596
71,9.527,9.737
72,9.29374,9.489
73,9.35646,9.477
74,9.33426,9.435
75,9.30656,9.614
76,9.44068,9.677
77,9.37406,9.607
78,9.40558,9.654
79,9.48678,9.703
80,9.40804,9.65
81,9.25674,9.566
82,9.46556,9.697
83,9.48042,9.753
84,9.46274,9.787
85,9.24038,9.525
86,9.3422,9.625
87,9.41134,9.682
88,9.26096,9.494
89,9.4373,9.675
90,9.29668,9.504
91,9.4886,9.766
92,9.2634,9.538
93,9.44196,9.612
94,9.30166,9.591
95,9.26896,9.589
96,9.32522,9.518
97,9.39772,9.615
98,9.35634,9.577
99,9.3662,9.625
100,9.29534,9.557
101,9.46962,9.699
102,9.29644,9.566
103,9.3322,9.534
104,9.26106,9.566
105,9.38762,9.592
106,9.43878,9.634
107,9.20104,9.476
108,9.5377,9.684
109,9.31234,9.58
110,9.3922,9.518
111,9.3536,9.563
112,9.32222,9.559
113,9.36202,9.587
114,9.3582,9.566
115,9.24276,9.46
116,9.44996,9.671
117,9.4239,9.646
118,9.39242,9.6
119,9.43268,9.627
120,9.41678,9.624
121,9.31034,9.57
122,9.26552,9.536
123,9.34408,9.582
124,9.3929,9.585
125,9.30142,9.534
126,9.42206,9.642
127,9.3236,9.52
128,9.3168,9.581
129,9.44576,9.583
130,9.3121,9.53
131,9.44986,9.654
132,9.23404,9.519
133,9.3005,9.561
134,9.35354,9.565
135,9.2674,9.526
136,9.4136,9.62
137,9.56332,9.786
138,9.38836,9.593
139,9.30336,9.498
140,9.3678,9.568
141,9.38048,9.65
142,9.404,9.663
143,9.32684,9.572
144,9.40708,9.655
145,9.35906,9.55
146,9.2335,9.526
147,9.26922,9.524
148,9.44012,9.565
149,9.345,9.587
150,9.45074,9.643
151,9.37592,9.576
152,9.3057,9.568
153,9.48422,9.721
154,9.4428,9.705
155,9.28454,9.517
156,9.36248,9.534
157,9.36322,9.566
158,9.31918,9.566
159,9.42834,9.647
