frame,gpu_ms,wall_ms
0,8.648099899,9.047
1,8.924220085,9.075
2,8.83506012,8.974
3,8.941240311,9.075
4,8.96516037,9.138
5,8.957360268,9.136
6,8.92029953,9.061
7,8.902420044,9.069
8,8.936300278,9.049
9,8.873979568,9.048
10,8.937680244,9.084
11,8.972260475,9.141
12,8.830340385,9.24
13,8.93982029,9.204
14,8.881580353,9.175
15,8.865280151,9.04
16,8.919520378,9.263
17,8.821140289,9.138
18,8.931539536,9.176
19,8.955920219,9.153
20,8.757559776,9.038
21,9.104860306,9.247
22,9.060779572,9.283
23,9.023180008,9.153
24,9.129039764,9.237
25,8.787280083,9.155
26,9.05189991,9.147
27,9.013360023,9.118
28,8.892499924,9.121
29,8.866020203,9.215
30,8.885560036,9.161
31,8.958539963,9.102
32,9.001600266,9.155
33,8.98721981,9.223
34,8.915180206,9.173
35,9.01224041,9.251
36,8.88049984,9.101
37,9.032739639,9.319
38,8.831680298,9.116
39,9.039540291,9.236
40,8.869279861,9.082
41,8.997240067,9.179
42,8.848859787,9.055
43,9.008379936,9.161
44,8.882880211,9.068
45,8.928219795,9.15
46,8.951239586,9.231
47,8.866459846,9.155
48,9.08920002,9.297
49,8.937660217,9.201
50,9.089300156,9.308
51,8.887180328,9.098
52,8.930600166,9.041
53,8.914079666,9.046
54,8.790340424,9.001
55,8.921899796,9.03
56,8.921059608,9.033
57,8.845040321,9.036
58,8.963359833,9.074
59,8.928739548,9.145
60,9.10739994,9.235
61,8.950519562,9.385
62,8.820679665,9.096
63,9.05039978,9.214
64,9.058739662,9.24
65,8.800860405,9.015
66,9.063839912,9.201
67,9.013380051,9.313
68,8.870059967,9.139
69,8.845720291,9.106
70,8.886839867,9.114
71,8.988499641,9.227
72,8.850219727,9.156
73,8.866620064,9.257
74,8.795519829,9.088
75,9.019260406,9.272
76,9.017620087,9.247
77,8.810359955,9.111
78,8.949080467,9.22
79,8.993200302,9.209
80,8.87732029,9.051
81,8.920660019,9.125
82,8.912039757,9.141
83,8.997280121,9.272
84,8.905380249,9.208
85,8.820819855,9.044
86,8.950360298,9.174
87,8.970439911,9.153
88,8.787599564,9.047
89,8.945240021,9.142
90,9.027839661,9.3
91,8.991379738,9.237
92,8.865699768,9.127
93,8.917860031,9.233
94,8.820759773,9.081
95,8.987939835,9.215
96,8.747420311,9.064
97,9.075779915,9.27
98,8.967980385,9.248
99,8.975839615,9.208
100,8.938400269,9.225
101,8.987919807,9.205
102,8.94328022,9.155
103,8.932279587,9.209
104,8.839360237,9.071
105,8.900580406,9.115
106,8.90487957,9.133
107,8.866820335,9.081
108,8.961440086,9.147
109,8.962340355,9.216
110,8.91958046,9.235
111,8.922679901,9.2
112,8.836999893,9.111
113,8.941519737,9.218
114,8.900899887,9.135
115,8.93517971,9.217
116,8.933859825,9.157
117,8.889260292,9.146
118,8.887459755,9.144
119,8.909480095,9.13
120,8.92304039,9.171
121,8.965499878,9.159
122,8.842479706,9.071
123,8.85929966,9.073
124,8.998140335,9.127
125,8.78166008,9.072
126,8.873180389,9.395
127,8.857979774,9.331
128,8.812820435,9.251
129,8.821820259,9.077
130,8.9000597,9.144
131,9.01692009,9.252
132,8.857060432,9.118
133,8.948599815,9.106
134,8.845580101,9.062
135,8.828760147,9.026
136,8.978320122,9.152
137,8.91765976,9.161
138,8.817799568,9.051
139,8.960519791,9.208
140,8.786439896,9.074
141,8.883839607,9.038
142,8.822500229,9.04
143,8.735500336,8.939
144,9.154820442,9.359
145,8.831279755,9.145
146,8.883339882,9.121
147,8.937479973,9.209
148,8.896380424,9.115
149,8.832699776,9.092
150,8.889499664,9.163
151,8.827699661,9.102
152,9.02737999,9.243
153,8.890879631,9.105
154,8.962539673,9.201
155,8.856780052,9.012
156,9.018360138,9.231
157,8.954079628,9.195
158,8.904060364,9.158
159,8.882519722,9.171
