frame,reset,wall_ms,invalid,rgb_min,rgb_max,luma_mean,roi_luma_mean,dark_pixels,roi_dark_pixels,changed_half_values_from_first,maxabs_from_first,checked
0,1,1176.802000,0,0,0.999511719,0.010041776,0.0156826657,842326,274409,0,0,1
1,1,13.522000,0,0,0.999511719,0.0100848174,0.015635329,841836,273789,3599046,15.4553223,1
2,1,10.641000,0,0,0.999511719,0.0102602406,0.0157804422,839884,272970,3615926,15.5618134,1
3,1,10.890000,0,0,0.999511719,0.0100769226,0.0154057823,841417,274372,3631876,15.5771122,1
4,1,10.484000,0,0,0.999511719,0.0101157167,0.0154459146,840582,274136,3641087,15.5768623,1
5,1,10.907000,0,0,0.999511719,0.0101056213,0.0153242905,841571,274757,3652286,15.5728188,1
6,1,10.907000,0,0,0.999511719,0.0101975384,0.0154404666,840851,274811,3652552,15.5712738,1
7,1,10.660000,0,0,0.999511719,0.0101233689,0.0154121058,841272,274620,3665196,15.5616302,1
8,1,13.505000,0,0,0.999511719,0.0100421311,0.0152390301,842220,275510,3668669,15.5640106,1
9,1,13.155000,0,0,0.999511719,0.0101095973,0.0153114406,841752,275596,3674349,15.5729103,1
10,1,13.105000,0,0,0.999511719,0.0100319204,0.0151697057,842700,275912,3676052,15.5723839,1
11,1,13.675000,0,0,0.999511719,0.0100409441,0.015123746,842185,275851,3681934,15.5739861,1
