name,height,pdl,mean_ms,sha256
720-1-0-1,720,1,10.1636363636364,9B53BE7A73C0D397DC56BF5810778E69D123BFD81C48FCDBCB642526361A5F53
720-1-0-0,720,0,11.1134545454545,9B53BE7A73C0D397DC56BF5810778E69D123BFD81C48FCDBCB642526361A5F53
900-0-0-1,900,1,12.9264545454545,75AABA5EF94368353F3F17C034B53918151AA2EBC98FF870B2A057D08AE910AB
900-0-0-0,900,0,15.0996363636364,75AABA5EF94368353F3F17C034B53918151AA2EBC98FF870B2A057D08AE910AB
900-1-0-1,900,1,13.3826363636364,5104F039569FE20C0EDCAB1FB68D56DB041406F3DDB38FC49DD2DD1D1EC636D1
900-1-0-0,900,0,15.4843636363636,5104F039569FE20C0EDCAB1FB68D56DB041406F3DDB38FC49DD2DD1D1EC636D1
1080-0-0-1,1080,1,19.6136363636364,1DE20C219105CC281CBA1364A0A21D0DDC4510A95458EC0CA3B8C893EA54F23A
1080-0-0-0,1080,0,17.8077272727273,1DE20C219105CC281CBA1364A0A21D0DDC4510A95458EC0CA3B8C893EA54F23A
1080-1-0-1,1080,1,18.2503636363636,3D1B0382BD68F589EF9E7498380B0C9FE63C7A2F41CEA252BEDD216973A17E21
1080-1-0-0,1080,0,19.1550909090909,3D1B0382BD68F589EF9E7498380B0C9FE63C7A2F41CEA252BEDD216973A17E21
900-5-1-1,900,1,18.3469090909091,5F2D6F1AD1EA8B295A52A95AC2C9BFC9E056D613E6FD889E2A2060FB36085CED
900-5-1-0,900,0,14.0024545454545,5F2D6F1AD1EA8B295A52A95AC2C9BFC9E056D613E6FD889E2A2060FB36085CED
1080-5-1-1,1080,1,18.4343636363636,28D370EC05EDABA2E99B32891F7CDF670F0084D46A239A43F410B232BE97D506
1080-5-1-0,1080,0,18.5757272727273,28D370EC05EDABA2E99B32891F7CDF670F0084D46A239A43F410B232BE97D506
time-900-1-0,900,1,10.71094375,75AABA5EF94368353F3F17C034B53918151AA2EBC98FF870B2A057D08AE910AB
time-900-1-1,900,0,10.78535375,75AABA5EF94368353F3F17C034B53918151AA2EBC98FF870B2A057D08AE910AB
time-900-1-2,900,0,10.81381125,75AABA5EF94368353F3F17C034B53918151AA2EBC98FF870B2A057D08AE910AB
time-900-1-3,900,1,10.77556125,75AABA5EF94368353F3F17C034B53918151AA2EBC98FF870B2A057D08AE910AB
time-900-2-0,900,1,10.7864125,75AABA5EF94368353F3F17C034B53918151AA2EBC98FF870B2A057D08AE910AB
time-900-2-1,900,0,10.8699425,75AABA5EF94368353F3F17C034B53918151AA2EBC98FF870B2A057D08AE910AB
time-900-2-2,900,0,10.86578,75AABA5EF94368353F3F17C034B53918151AA2EBC98FF870B2A057D08AE910AB
time-900-2-3,900,1,10.81659375,75AABA5EF94368353F3F17C034B53918151AA2EBC98FF870B2A057D08AE910AB
time-1080-1-0,1080,1,14.9884,1DE20C219105CC281CBA1364A0A21D0DDC4510A95458EC0CA3B8C893EA54F23A
time-1080-1-1,1080,0,15.07421625,1DE20C219105CC281CBA1364A0A21D0DDC4510A95458EC0CA3B8C893EA54F23A
time-1080-1-2,1080,0,15.08713375,1DE20C219105CC281CBA1364A0A21D0DDC4510A95458EC0CA3B8C893EA54F23A
time-1080-1-3,1080,1,15.01476375,1DE20C219105CC281CBA1364A0A21D0DDC4510A95458EC0CA3B8C893EA54F23A
time-1080-2-0,1080,1,15.01247875,1DE20C219105CC281CBA1364A0A21D0DDC4510A95458EC0CA3B8C893EA54F23A
time-1080-2-1,1080,0,15.09789,1DE20C219105CC281CBA1364A0A21D0DDC4510A95458EC0CA3B8C893EA54F23A
time-1080-2-2,1080,0,15.089695,1DE20C219105CC281CBA1364A0A21D0DDC4510A95458EC0CA3B8C893EA54F23A
time-1080-2-3,1080,1,15.0173325,1DE20C219105CC281CBA1364A0A21D0DDC4510A95458EC0CA3B8C893EA54F23A
rollover-900,900,1,17.5953636363636,5F2D6F1AD1EA8B295A52A95AC2C9BFC9E056D613E6FD889E2A2060FB36085CED
rollover-1080,1080,1,20.1909090909091,28D370EC05EDABA2E99B32891F7CDF670F0084D46A239A43F410B232BE97D506
