"batch","slot","frame","sha"
"runtime-regression-P-screen","1080-motion-False","rgb-frame-0.f16","52947438109AA3E5A58DEB4DDC28045C175C51A6473775A1C102008CE7810D2B"
"runtime-regression-P-screen","1080-motion-False","rgb-frame-1.f16","F53B947AEB3ADC7612E7729621D3E3EEC285F56CDE387FAEEBF2B7C758CD3696"
"runtime-regression-P-screen","1080-motion-False","rgb-frame-2.f16","ACD8CB15399BB1F480420469DD869CCCE1EF32E60FEEFBC6F694C060FA428C8F"
"runtime-regression-P-screen","1080-motion-False","rgb-frame-3.f16","F0127D4030E03D4593C418F4BF3B558E7F27F10A07EDB33EFFC5DE5552C960AE"
"runtime-regression-P-screen","1080-motion-False","rgb-frame-4.f16","B706FE30315CDA3BC5C42329382A9C5B438485B9F22FDF9511BA87E96AFE61C6"
"runtime-regression-P-screen","1080-motion-False","rgb-frame-5.f16","97BE2474959F538E62C40379969B7AECC5F4176DA346ABFAC53F006718C35672"
"runtime-regression-P-screen","1080-motion-False","rgb-frame-6.f16","9585E548628F811A3DC68363EC3C6ED1A779AC99936AAD9565238524BEE7856B"
"runtime-regression-P-screen","1080-motion-False","rgb-frame-7.f16","BA0E4683644B35F0B7091260B949044D8726CEE4CABC8FEE41EC6A0060CCA11F"
"runtime-regression-P-screen","1080-motion-False","rgb-frame-8.f16","96F994CEB4574081B20F236DCE39A016D395C1B9EB2E521AE979D06A3CB2B0AC"
"runtime-regression-P-screen","1080-motion-False","rgb-frame-9.f16","A747532975130CE7F961999D44D547433660BDBBFF2AB3B0B1A7057485B30FF8"
"runtime-regression-P-screen","1080-motion-False","rgb-frame-10.f16","1001279F031FCAA32711CC848D7437B462FDCFB1C72B14264A51BDA8DB9D7A6E"
"runtime-regression-P-screen","1080-motion-False","rgb-frame-11.f16","EF3EF3F43305E89547E3440D075E511B6F9B4F032E7C68F3D21782B6823F369E"
"runtime-regression-P-screen","1080-motion-True","rgb-frame-0.f16","52947438109AA3E5A58DEB4DDC28045C175C51A6473775A1C102008CE7810D2B"
"runtime-regression-P-screen","1080-motion-True","rgb-frame-1.f16","F53B947AEB3ADC7612E7729621D3E3EEC285F56CDE387FAEEBF2B7C758CD3696"
"runtime-regression-P-screen","1080-motion-True","rgb-frame-2.f16","ACD8CB15399BB1F480420469DD869CCCE1EF32E60FEEFBC6F694C060FA428C8F"
"runtime-regression-P-screen","1080-motion-True","rgb-frame-3.f16","F0127D4030E03D4593C418F4BF3B558E7F27F10A07EDB33EFFC5DE5552C960AE"
"runtime-regression-P-screen","1080-motion-True","rgb-frame-4.f16","B706FE30315CDA3BC5C42329382A9C5B438485B9F22FDF9511BA87E96AFE61C6"
"runtime-regression-P-screen","1080-motion-True","rgb-frame-5.f16","97BE2474959F538E62C40379969B7AECC5F4176DA346ABFAC53F006718C35672"
"runtime-regression-P-screen","1080-motion-True","rgb-frame-6.f16","9585E548628F811A3DC68363EC3C6ED1A779AC99936AAD9565238524BEE7856B"
"runtime-regression-P-screen","1080-motion-True","rgb-frame-7.f16","BA0E4683644B35F0B7091260B949044D8726CEE4CABC8FEE41EC6A0060CCA11F"
"runtime-regression-P-screen","1080-motion-True","rgb-frame-8.f16","96F994CEB4574081B20F236DCE39A016D395C1B9EB2E521AE979D06A3CB2B0AC"
"runtime-regression-P-screen","1080-motion-True","rgb-frame-9.f16","A747532975130CE7F961999D44D547433660BDBBFF2AB3B0B1A7057485B30FF8"
"runtime-regression-P-screen","1080-motion-True","rgb-frame-10.f16","1001279F031FCAA32711CC848D7437B462FDCFB1C72B14264A51BDA8DB9D7A6E"
"runtime-regression-P-screen","1080-motion-True","rgb-frame-11.f16","EF3EF3F43305E89547E3440D075E511B6F9B4F032E7C68F3D21782B6823F369E"
"runtime-regression-G-screen","1080-motion-False","rgb-frame-0.f16","52947438109AA3E5A58DEB4DDC28045C175C51A6473775A1C102008CE7810D2B"
"runtime-regression-G-screen","1080-motion-False","rgb-frame-1.f16","F53B947AEB3ADC7612E7729621D3E3EEC285F56CDE387FAEEBF2B7C758CD3696"
"runtime-regression-G-screen","1080-motion-False","rgb-frame-2.f16","ACD8CB15399BB1F480420469DD869CCCE1EF32E60FEEFBC6F694C060FA428C8F"
"runtime-regression-G-screen","1080-motion-False","rgb-frame-3.f16","F0127D4030E03D4593C418F4BF3B558E7F27F10A07EDB33EFFC5DE5552C960AE"
"runtime-regression-G-screen","1080-motion-False","rgb-frame-4.f16","B706FE30315CDA3BC5C42329382A9C5B438485B9F22FDF9511BA87E96AFE61C6"
"runtime-regression-G-screen","1080-motion-False","rgb-frame-5.f16","97BE2474959F538E62C40379969B7AECC5F4176DA346ABFAC53F006718C35672"
"runtime-regression-G-screen","1080-motion-False","rgb-frame-6.f16","9585E548628F811A3DC68363EC3C6ED1A779AC99936AAD9565238524BEE7856B"
"runtime-regression-G-screen","1080-motion-False","rgb-frame-7.f16","BA0E4683644B35F0B7091260B949044D8726CEE4CABC8FEE41EC6A0060CCA11F"
"runtime-regression-G-screen","1080-motion-False","rgb-frame-8.f16","96F994CEB4574081B20F236DCE39A016D395C1B9EB2E521AE979D06A3CB2B0AC"
"runtime-regression-G-screen","1080-motion-False","rgb-frame-9.f16","A747532975130CE7F961999D44D547433660BDBBFF2AB3B0B1A7057485B30FF8"
"runtime-regression-G-screen","1080-motion-False","rgb-frame-10.f16","1001279F031FCAA32711CC848D7437B462FDCFB1C72B14264A51BDA8DB9D7A6E"
"runtime-regression-G-screen","1080-motion-False","rgb-frame-11.f16","EF3EF3F43305E89547E3440D075E511B6F9B4F032E7C68F3D21782B6823F369E"
"runtime-regression-G-screen","1080-motion-True","rgb-frame-0.f16","52947438109AA3E5A58DEB4DDC28045C175C51A6473775A1C102008CE7810D2B"
"runtime-regression-G-screen","1080-motion-True","rgb-frame-1.f16","F53B947AEB3ADC7612E7729621D3E3EEC285F56CDE387FAEEBF2B7C758CD3696"
"runtime-regression-G-screen","1080-motion-True","rgb-frame-2.f16","ACD8CB15399BB1F480420469DD869CCCE1EF32E60FEEFBC6F694C060FA428C8F"
"runtime-regression-G-screen","1080-motion-True","rgb-frame-3.f16","F0127D4030E03D4593C418F4BF3B558E7F27F10A07EDB33EFFC5DE5552C960AE"
"runtime-regression-G-screen","1080-motion-True","rgb-frame-4.f16","B706FE30315CDA3BC5C42329382A9C5B438485B9F22FDF9511BA87E96AFE61C6"
"runtime-regression-G-screen","1080-motion-True","rgb-frame-5.f16","97BE2474959F538E62C40379969B7AECC5F4176DA346ABFAC53F006718C35672"
"runtime-regression-G-screen","1080-motion-True","rgb-frame-6.f16","9585E548628F811A3DC68363EC3C6ED1A779AC99936AAD9565238524BEE7856B"
"runtime-regression-G-screen","1080-motion-True","rgb-frame-7.f16","BA0E4683644B35F0B7091260B949044D8726CEE4CABC8FEE41EC6A0060CCA11F"
"runtime-regression-G-screen","1080-motion-True","rgb-frame-8.f16","96F994CEB4574081B20F236DCE39A016D395C1B9EB2E521AE979D06A3CB2B0AC"
"runtime-regression-G-screen","1080-motion-True","rgb-frame-9.f16","A747532975130CE7F961999D44D547433660BDBBFF2AB3B0B1A7057485B30FF8"
"runtime-regression-G-screen","1080-motion-True","rgb-frame-10.f16","1001279F031FCAA32711CC848D7437B462FDCFB1C72B14264A51BDA8DB9D7A6E"
"runtime-regression-G-screen","1080-motion-True","rgb-frame-11.f16","EF3EF3F43305E89547E3440D075E511B6F9B4F032E7C68F3D21782B6823F369E"
"runtime-regression-U-screen","1080-motion-False","rgb-frame-0.f16","52947438109AA3E5A58DEB4DDC28045C175C51A6473775A1C102008CE7810D2B"
"runtime-regression-U-screen","1080-motion-False","rgb-frame-1.f16","F53B947AEB3ADC7612E7729621D3E3EEC285F56CDE387FAEEBF2B7C758CD3696"
"runtime-regression-U-screen","1080-motion-False","rgb-frame-2.f16","ACD8CB15399BB1F480420469DD869CCCE1EF32E60FEEFBC6F694C060FA428C8F"
"runtime-regression-U-screen","1080-motion-False","rgb-frame-3.f16","F0127D4030E03D4593C418F4BF3B558E7F27F10A07EDB33EFFC5DE5552C960AE"
"runtime-regression-U-screen","1080-motion-False","rgb-frame-4.f16","B706FE30315CDA3BC5C42329382A9C5B438485B9F22FDF9511BA87E96AFE61C6"
"runtime-regression-U-screen","1080-motion-False","rgb-frame-5.f16","97BE2474959F538E62C40379969B7AECC5F4176DA346ABFAC53F006718C35672"
"runtime-regression-U-screen","1080-motion-False","rgb-frame-6.f16","9585E548628F811A3DC68363EC3C6ED1A779AC99936AAD9565238524BEE7856B"
"runtime-regression-U-screen","1080-motion-False","rgb-frame-7.f16","BA0E4683644B35F0B7091260B949044D8726CEE4CABC8FEE41EC6A0060CCA11F"
"runtime-regression-U-screen","1080-motion-False","rgb-frame-8.f16","96F994CEB4574081B20F236DCE39A016D395C1B9EB2E521AE979D06A3CB2B0AC"
"runtime-regression-U-screen","1080-motion-False","rgb-frame-9.f16","A747532975130CE7F961999D44D547433660BDBBFF2AB3B0B1A7057485B30FF8"
"runtime-regression-U-screen","1080-motion-False","rgb-frame-10.f16","1001279F031FCAA32711CC848D7437B462FDCFB1C72B14264A51BDA8DB9D7A6E"
"runtime-regression-U-screen","1080-motion-False","rgb-frame-11.f16","EF3EF3F43305E89547E3440D075E511B6F9B4F032E7C68F3D21782B6823F369E"
"runtime-regression-U-screen","1080-motion-True","rgb-frame-0.f16","52947438109AA3E5A58DEB4DDC28045C175C51A6473775A1C102008CE7810D2B"
"runtime-regression-U-screen","1080-motion-True","rgb-frame-1.f16","F53B947AEB3ADC7612E7729621D3E3EEC285F56CDE387FAEEBF2B7C758CD3696"
"runtime-regression-U-screen","1080-motion-True","rgb-frame-2.f16","ACD8CB15399BB1F480420469DD869CCCE1EF32E60FEEFBC6F694C060FA428C8F"
"runtime-regression-U-screen","1080-motion-True","rgb-frame-3.f16","F0127D4030E03D4593C418F4BF3B558E7F27F10A07EDB33EFFC5DE5552C960AE"
"runtime-regression-U-screen","1080-motion-True","rgb-frame-4.f16","B706FE30315CDA3BC5C42329382A9C5B438485B9F22FDF9511BA87E96AFE61C6"
"runtime-regression-U-screen","1080-motion-True","rgb-frame-5.f16","97BE2474959F538E62C40379969B7AECC5F4176DA346ABFAC53F006718C35672"
"runtime-regression-U-screen","1080-motion-True","rgb-frame-6.f16","9585E548628F811A3DC68363EC3C6ED1A779AC99936AAD9565238524BEE7856B"
"runtime-regression-U-screen","1080-motion-True","rgb-frame-7.f16","BA0E4683644B35F0B7091260B949044D8726CEE4CABC8FEE41EC6A0060CCA11F"
"runtime-regression-U-screen","1080-motion-True","rgb-frame-8.f16","96F994CEB4574081B20F236DCE39A016D395C1B9EB2E521AE979D06A3CB2B0AC"
"runtime-regression-U-screen","1080-motion-True","rgb-frame-9.f16","A747532975130CE7F961999D44D547433660BDBBFF2AB3B0B1A7057485B30FF8"
"runtime-regression-U-screen","1080-motion-True","rgb-frame-10.f16","1001279F031FCAA32711CC848D7437B462FDCFB1C72B14264A51BDA8DB9D7A6E"
"runtime-regression-U-screen","1080-motion-True","rgb-frame-11.f16","EF3EF3F43305E89547E3440D075E511B6F9B4F032E7C68F3D21782B6823F369E"
"runtime-regression-T-screen","1080-motion-False","rgb-frame-0.f16","52947438109AA3E5A58DEB4DDC28045C175C51A6473775A1C102008CE7810D2B"
"runtime-regression-T-screen","1080-motion-False","rgb-frame-1.f16","F53B947AEB3ADC7612E7729621D3E3EEC285F56CDE387FAEEBF2B7C758CD3696"
"runtime-regression-T-screen","1080-motion-False","rgb-frame-2.f16","ACD8CB15399BB1F480420469DD869CCCE1EF32E60FEEFBC6F694C060FA428C8F"
"runtime-regression-T-screen","1080-motion-False","rgb-frame-3.f16","F0127D4030E03D4593C418F4BF3B558E7F27F10A07EDB33EFFC5DE5552C960AE"
"runtime-regression-T-screen","1080-motion-False","rgb-frame-4.f16","B706FE30315CDA3BC5C42329382A9C5B438485B9F22FDF9511BA87E96AFE61C6"
"runtime-regression-T-screen","1080-motion-False","rgb-frame-5.f16","97BE2474959F538E62C40379969B7AECC5F4176DA346ABFAC53F006718C35672"
"runtime-regression-T-screen","1080-motion-False","rgb-frame-6.f16","9585E548628F811A3DC68363EC3C6ED1A779AC99936AAD9565238524BEE7856B"
"runtime-regression-T-screen","1080-motion-False","rgb-frame-7.f16","BA0E4683644B35F0B7091260B949044D8726CEE4CABC8FEE41EC6A0060CCA11F"
"runtime-regression-T-screen","1080-motion-False","rgb-frame-8.f16","96F994CEB4574081B20F236DCE39A016D395C1B9EB2E521AE979D06A3CB2B0AC"
"runtime-regression-T-screen","1080-motion-False","rgb-frame-9.f16","A747532975130CE7F961999D44D547433660BDBBFF2AB3B0B1A7057485B30FF8"
"runtime-regression-T-screen","1080-motion-False","rgb-frame-10.f16","1001279F031FCAA32711CC848D7437B462FDCFB1C72B14264A51BDA8DB9D7A6E"
"runtime-regression-T-screen","1080-motion-False","rgb-frame-11.f16","EF3EF3F43305E89547E3440D075E511B6F9B4F032E7C68F3D21782B6823F369E"
"runtime-regression-T-screen","1080-motion-True","rgb-frame-0.f16","52947438109AA3E5A58DEB4DDC28045C175C51A6473775A1C102008CE7810D2B"
"runtime-regression-T-screen","1080-motion-True","rgb-frame-1.f16","F53B947AEB3ADC7612E7729621D3E3EEC285F56CDE387FAEEBF2B7C758CD3696"
"runtime-regression-T-screen","1080-motion-True","rgb-frame-2.f16","ACD8CB15399BB1F480420469DD869CCCE1EF32E60FEEFBC6F694C060FA428C8F"
"runtime-regression-T-screen","1080-motion-True","rgb-frame-3.f16","F0127D4030E03D4593C418F4BF3B558E7F27F10A07EDB33EFFC5DE5552C960AE"
"runtime-regression-T-screen","1080-motion-True","rgb-frame-4.f16","B706FE30315CDA3BC5C42329382A9C5B438485B9F22FDF9511BA87E96AFE61C6"
"runtime-regression-T-screen","1080-motion-True","rgb-frame-5.f16","97BE2474959F538E62C40379969B7AECC5F4176DA346ABFAC53F006718C35672"
"runtime-regression-T-screen","1080-motion-True","rgb-frame-6.f16","9585E548628F811A3DC68363EC3C6ED1A779AC99936AAD9565238524BEE7856B"
"runtime-regression-T-screen","1080-motion-True","rgb-frame-7.f16","BA0E4683644B35F0B7091260B949044D8726CEE4CABC8FEE41EC6A0060CCA11F"
"runtime-regression-T-screen","1080-motion-True","rgb-frame-8.f16","96F994CEB4574081B20F236DCE39A016D395C1B9EB2E521AE979D06A3CB2B0AC"
"runtime-regression-T-screen","1080-motion-True","rgb-frame-9.f16","A747532975130CE7F961999D44D547433660BDBBFF2AB3B0B1A7057485B30FF8"
"runtime-regression-T-screen","1080-motion-True","rgb-frame-10.f16","1001279F031FCAA32711CC848D7437B462FDCFB1C72B14264A51BDA8DB9D7A6E"
"runtime-regression-T-screen","1080-motion-True","rgb-frame-11.f16","EF3EF3F43305E89547E3440D075E511B6F9B4F032E7C68F3D21782B6823F369E"
"runtime-regression-D-screen","1080-motion-False","rgb-frame-0.f16","52947438109AA3E5A58DEB4DDC28045C175C51A6473775A1C102008CE7810D2B"
"runtime-regression-D-screen","1080-motion-False","rgb-frame-1.f16","F53B947AEB3ADC7612E7729621D3E3EEC285F56CDE387FAEEBF2B7C758CD3696"
"runtime-regression-D-screen","1080-motion-False","rgb-frame-2.f16","ACD8CB15399BB1F480420469DD869CCCE1EF32E60FEEFBC6F694C060FA428C8F"
"runtime-regression-D-screen","1080-motion-False","rgb-frame-3.f16","F0127D4030E03D4593C418F4BF3B558E7F27F10A07EDB33EFFC5DE5552C960AE"
"runtime-regression-D-screen","1080-motion-False","rgb-frame-4.f16","B706FE30315CDA3BC5C42329382A9C5B438485B9F22FDF9511BA87E96AFE61C6"
"runtime-regression-D-screen","1080-motion-False","rgb-frame-5.f16","97BE2474959F538E62C40379969B7AECC5F4176DA346ABFAC53F006718C35672"
"runtime-regression-D-screen","1080-motion-False","rgb-frame-6.f16","9585E548628F811A3DC68363EC3C6ED1A779AC99936AAD9565238524BEE7856B"
"runtime-regression-D-screen","1080-motion-False","rgb-frame-7.f16","BA0E4683644B35F0B7091260B949044D8726CEE4CABC8FEE41EC6A0060CCA11F"
"runtime-regression-D-screen","1080-motion-False","rgb-frame-8.f16","96F994CEB4574081B20F236DCE39A016D395C1B9EB2E521AE979D06A3CB2B0AC"
"runtime-regression-D-screen","1080-motion-False","rgb-frame-9.f16","A747532975130CE7F961999D44D547433660BDBBFF2AB3B0B1A7057485B30FF8"
"runtime-regression-D-screen","1080-motion-False","rgb-frame-10.f16","1001279F031FCAA32711CC848D7437B462FDCFB1C72B14264A51BDA8DB9D7A6E"
"runtime-regression-D-screen","1080-motion-False","rgb-frame-11.f16","EF3EF3F43305E89547E3440D075E511B6F9B4F032E7C68F3D21782B6823F369E"
"runtime-regression-D-screen","1080-motion-True","rgb-frame-0.f16","52947438109AA3E5A58DEB4DDC28045C175C51A6473775A1C102008CE7810D2B"
"runtime-regression-D-screen","1080-motion-True","rgb-frame-1.f16","F53B947AEB3ADC7612E7729621D3E3EEC285F56CDE387FAEEBF2B7C758CD3696"
"runtime-regression-D-screen","1080-motion-True","rgb-frame-2.f16","ACD8CB15399BB1F480420469DD869CCCE1EF32E60FEEFBC6F694C060FA428C8F"
"runtime-regression-D-screen","1080-motion-True","rgb-frame-3.f16","F0127D4030E03D4593C418F4BF3B558E7F27F10A07EDB33EFFC5DE5552C960AE"
"runtime-regression-D-screen","1080-motion-True","rgb-frame-4.f16","B706FE30315CDA3BC5C42329382A9C5B438485B9F22FDF9511BA87E96AFE61C6"
"runtime-regression-D-screen","1080-motion-True","rgb-frame-5.f16","97BE2474959F538E62C40379969B7AECC5F4176DA346ABFAC53F006718C35672"
"runtime-regression-D-screen","1080-motion-True","rgb-frame-6.f16","9585E548628F811A3DC68363EC3C6ED1A779AC99936AAD9565238524BEE7856B"
"runtime-regression-D-screen","1080-motion-True","rgb-frame-7.f16","BA0E4683644B35F0B7091260B949044D8726CEE4CABC8FEE41EC6A0060CCA11F"
"runtime-regression-D-screen","1080-motion-True","rgb-frame-8.f16","96F994CEB4574081B20F236DCE39A016D395C1B9EB2E521AE979D06A3CB2B0AC"
"runtime-regression-D-screen","1080-motion-True","rgb-frame-9.f16","A747532975130CE7F961999D44D547433660BDBBFF2AB3B0B1A7057485B30FF8"
"runtime-regression-D-screen","1080-motion-True","rgb-frame-10.f16","1001279F031FCAA32711CC848D7437B462FDCFB1C72B14264A51BDA8DB9D7A6E"
"runtime-regression-D-screen","1080-motion-True","rgb-frame-11.f16","EF3EF3F43305E89547E3440D075E511B6F9B4F032E7C68F3D21782B6823F369E"
"runtime-regression-Q-screen","1080-motion-False","rgb-frame-0.f16","52947438109AA3E5A58DEB4DDC28045C175C51A6473775A1C102008CE7810D2B"
"runtime-regression-Q-screen","1080-motion-False","rgb-frame-1.f16","F53B947AEB3ADC7612E7729621D3E3EEC285F56CDE387FAEEBF2B7C758CD3696"
"runtime-regression-Q-screen","1080-motion-False","rgb-frame-2.f16","ACD8CB15399BB1F480420469DD869CCCE1EF32E60FEEFBC6F694C060FA428C8F"
"runtime-regression-Q-screen","1080-motion-False","rgb-frame-3.f16","F0127D4030E03D4593C418F4BF3B558E7F27F10A07EDB33EFFC5DE5552C960AE"
"runtime-regression-Q-screen","1080-motion-False","rgb-frame-4.f16","B706FE30315CDA3BC5C42329382A9C5B438485B9F22FDF9511BA87E96AFE61C6"
"runtime-regression-Q-screen","1080-motion-False","rgb-frame-5.f16","97BE2474959F538E62C40379969B7AECC5F4176DA346ABFAC53F006718C35672"
"runtime-regression-Q-screen","1080-motion-False","rgb-frame-6.f16","9585E548628F811A3DC68363EC3C6ED1A779AC99936AAD9565238524BEE7856B"
"runtime-regression-Q-screen","1080-motion-False","rgb-frame-7.f16","BA0E4683644B35F0B7091260B949044D8726CEE4CABC8FEE41EC6A0060CCA11F"
"runtime-regression-Q-screen","1080-motion-False","rgb-frame-8.f16","96F994CEB4574081B20F236DCE39A016D395C1B9EB2E521AE979D06A3CB2B0AC"
"runtime-regression-Q-screen","1080-motion-False","rgb-frame-9.f16","A747532975130CE7F961999D44D547433660BDBBFF2AB3B0B1A7057485B30FF8"
"runtime-regression-Q-screen","1080-motion-False","rgb-frame-10.f16","1001279F031FCAA32711CC848D7437B462FDCFB1C72B14264A51BDA8DB9D7A6E"
"runtime-regression-Q-screen","1080-motion-False","rgb-frame-11.f16","EF3EF3F43305E89547E3440D075E511B6F9B4F032E7C68F3D21782B6823F369E"
"runtime-regression-Q-screen","1080-motion-True","rgb-frame-0.f16","52947438109AA3E5A58DEB4DDC28045C175C51A6473775A1C102008CE7810D2B"
"runtime-regression-Q-screen","1080-motion-True","rgb-frame-1.f16","F53B947AEB3ADC7612E7729621D3E3EEC285F56CDE387FAEEBF2B7C758CD3696"
"runtime-regression-Q-screen","1080-motion-True","rgb-frame-2.f16","ACD8CB15399BB1F480420469DD869CCCE1EF32E60FEEFBC6F694C060FA428C8F"
"runtime-regression-Q-screen","1080-motion-True","rgb-frame-3.f16","F0127D4030E03D4593C418F4BF3B558E7F27F10A07EDB33EFFC5DE5552C960AE"
"runtime-regression-Q-screen","1080-motion-True","rgb-frame-4.f16","B706FE30315CDA3BC5C42329382A9C5B438485B9F22FDF9511BA87E96AFE61C6"
"runtime-regression-Q-screen","1080-motion-True","rgb-frame-5.f16","97BE2474959F538E62C40379969B7AECC5F4176DA346ABFAC53F006718C35672"
"runtime-regression-Q-screen","1080-motion-True","rgb-frame-6.f16","9585E548628F811A3DC68363EC3C6ED1A779AC99936AAD9565238524BEE7856B"
"runtime-regression-Q-screen","1080-motion-True","rgb-frame-7.f16","BA0E4683644B35F0B7091260B949044D8726CEE4CABC8FEE41EC6A0060CCA11F"
"runtime-regression-Q-screen","1080-motion-True","rgb-frame-8.f16","96F994CEB4574081B20F236DCE39A016D395C1B9EB2E521AE979D06A3CB2B0AC"
"runtime-regression-Q-screen","1080-motion-True","rgb-frame-9.f16","A747532975130CE7F961999D44D547433660BDBBFF2AB3B0B1A7057485B30FF8"
"runtime-regression-Q-screen","1080-motion-True","rgb-frame-10.f16","1001279F031FCAA32711CC848D7437B462FDCFB1C72B14264A51BDA8DB9D7A6E"
"runtime-regression-Q-screen","1080-motion-True","rgb-frame-11.f16","EF3EF3F43305E89547E3440D075E511B6F9B4F032E7C68F3D21782B6823F369E"
"runtime-regression-R-screen","1080-motion-False","rgb-frame-0.f16","52947438109AA3E5A58DEB4DDC28045C175C51A6473775A1C102008CE7810D2B"
"runtime-regression-R-screen","1080-motion-False","rgb-frame-1.f16","F53B947AEB3ADC7612E7729621D3E3EEC285F56CDE387FAEEBF2B7C758CD3696"
"runtime-regression-R-screen","1080-motion-False","rgb-frame-2.f16","ACD8CB15399BB1F480420469DD869CCCE1EF32E60FEEFBC6F694C060FA428C8F"
"runtime-regression-R-screen","1080-motion-False","rgb-frame-3.f16","F0127D4030E03D4593C418F4BF3B558E7F27F10A07EDB33EFFC5DE5552C960AE"
"runtime-regression-R-screen","1080-motion-False","rgb-frame-4.f16","B706FE30315CDA3BC5C42329382A9C5B438485B9F22FDF9511BA87E96AFE61C6"
"runtime-regression-R-screen","1080-motion-False","rgb-frame-5.f16","97BE2474959F538E62C40379969B7AECC5F4176DA346ABFAC53F006718C35672"
"runtime-regression-R-screen","1080-motion-False","rgb-frame-6.f16","9585E548628F811A3DC68363EC3C6ED1A779AC99936AAD9565238524BEE7856B"
"runtime-regression-R-screen","1080-motion-False","rgb-frame-7.f16","BA0E4683644B35F0B7091260B949044D8726CEE4CABC8FEE41EC6A0060CCA11F"
"runtime-regression-R-screen","1080-motion-False","rgb-frame-8.f16","96F994CEB4574081B20F236DCE39A016D395C1B9EB2E521AE979D06A3CB2B0AC"
"runtime-regression-R-screen","1080-motion-False","rgb-frame-9.f16","A747532975130CE7F961999D44D547433660BDBBFF2AB3B0B1A7057485B30FF8"
"runtime-regression-R-screen","1080-motion-False","rgb-frame-10.f16","1001279F031FCAA32711CC848D7437B462FDCFB1C72B14264A51BDA8DB9D7A6E"
"runtime-regression-R-screen","1080-motion-False","rgb-frame-11.f16","EF3EF3F43305E89547E3440D075E511B6F9B4F032E7C68F3D21782B6823F369E"
"runtime-regression-R-screen","1080-motion-True","rgb-frame-0.f16","52947438109AA3E5A58DEB4DDC28045C175C51A6473775A1C102008CE7810D2B"
"runtime-regression-R-screen","1080-motion-True","rgb-frame-1.f16","F53B947AEB3ADC7612E7729621D3E3EEC285F56CDE387FAEEBF2B7C758CD3696"
"runtime-regression-R-screen","1080-motion-True","rgb-frame-2.f16","ACD8CB15399BB1F480420469DD869CCCE1EF32E60FEEFBC6F694C060FA428C8F"
"runtime-regression-R-screen","1080-motion-True","rgb-frame-3.f16","F0127D4030E03D4593C418F4BF3B558E7F27F10A07EDB33EFFC5DE5552C960AE"
"runtime-regression-R-screen","1080-motion-True","rgb-frame-4.f16","B706FE30315CDA3BC5C42329382A9C5B438485B9F22FDF9511BA87E96AFE61C6"
"runtime-regression-R-screen","1080-motion-True","rgb-frame-5.f16","97BE2474959F538E62C40379969B7AECC5F4176DA346ABFAC53F006718C35672"
"runtime-regression-R-screen","1080-motion-True","rgb-frame-6.f16","9585E548628F811A3DC68363EC3C6ED1A779AC99936AAD9565238524BEE7856B"
"runtime-regression-R-screen","1080-motion-True","rgb-frame-7.f16","BA0E4683644B35F0B7091260B949044D8726CEE4CABC8FEE41EC6A0060CCA11F"
"runtime-regression-R-screen","1080-motion-True","rgb-frame-8.f16","96F994CEB4574081B20F236DCE39A016D395C1B9EB2E521AE979D06A3CB2B0AC"
"runtime-regression-R-screen","1080-motion-True","rgb-frame-9.f16","A747532975130CE7F961999D44D547433660BDBBFF2AB3B0B1A7057485B30FF8"
"runtime-regression-R-screen","1080-motion-True","rgb-frame-10.f16","1001279F031FCAA32711CC848D7437B462FDCFB1C72B14264A51BDA8DB9D7A6E"
"runtime-regression-R-screen","1080-motion-True","rgb-frame-11.f16","EF3EF3F43305E89547E3440D075E511B6F9B4F032E7C68F3D21782B6823F369E"
"runtime-regression-U2-screen","1080-motion-False","rgb-frame-0.f16","52947438109AA3E5A58DEB4DDC28045C175C51A6473775A1C102008CE7810D2B"
"runtime-regression-U2-screen","1080-motion-False","rgb-frame-1.f16","F53B947AEB3ADC7612E7729621D3E3EEC285F56CDE387FAEEBF2B7C758CD3696"
"runtime-regression-U2-screen","1080-motion-False","rgb-frame-2.f16","ACD8CB15399BB1F480420469DD869CCCE1EF32E60FEEFBC6F694C060FA428C8F"
"runtime-regression-U2-screen","1080-motion-False","rgb-frame-3.f16","F0127D4030E03D4593C418F4BF3B558E7F27F10A07EDB33EFFC5DE5552C960AE"
"runtime-regression-U2-screen","1080-motion-False","rgb-frame-4.f16","B706FE30315CDA3BC5C42329382A9C5B438485B9F22FDF9511BA87E96AFE61C6"
"runtime-regression-U2-screen","1080-motion-False","rgb-frame-5.f16","97BE2474959F538E62C40379969B7AECC5F4176DA346ABFAC53F006718C35672"
"runtime-regression-U2-screen","1080-motion-False","rgb-frame-6.f16","9585E548628F811A3DC68363EC3C6ED1A779AC99936AAD9565238524BEE7856B"
"runtime-regression-U2-screen","1080-motion-False","rgb-frame-7.f16","BA0E4683644B35F0B7091260B949044D8726CEE4CABC8FEE41EC6A0060CCA11F"
"runtime-regression-U2-screen","1080-motion-False","rgb-frame-8.f16","96F994CEB4574081B20F236DCE39A016D395C1B9EB2E521AE979D06A3CB2B0AC"
"runtime-regression-U2-screen","1080-motion-False","rgb-frame-9.f16","A747532975130CE7F961999D44D547433660BDBBFF2AB3B0B1A7057485B30FF8"
"runtime-regression-U2-screen","1080-motion-False","rgb-frame-10.f16","1001279F031FCAA32711CC848D7437B462FDCFB1C72B14264A51BDA8DB9D7A6E"
"runtime-regression-U2-screen","1080-motion-False","rgb-frame-11.f16","EF3EF3F43305E89547E3440D075E511B6F9B4F032E7C68F3D21782B6823F369E"
"runtime-regression-U2-screen","1080-motion-True","rgb-frame-0.f16","52947438109AA3E5A58DEB4DDC28045C175C51A6473775A1C102008CE7810D2B"
"runtime-regression-U2-screen","1080-motion-True","rgb-frame-1.f16","F53B947AEB3ADC7612E7729621D3E3EEC285F56CDE387FAEEBF2B7C758CD3696"
"runtime-regression-U2-screen","1080-motion-True","rgb-frame-2.f16","ACD8CB15399BB1F480420469DD869CCCE1EF32E60FEEFBC6F694C060FA428C8F"
"runtime-regression-U2-screen","1080-motion-True","rgb-frame-3.f16","F0127D4030E03D4593C418F4BF3B558E7F27F10A07EDB33EFFC5DE5552C960AE"
"runtime-regression-U2-screen","1080-motion-True","rgb-frame-4.f16","B706FE30315CDA3BC5C42329382A9C5B438485B9F22FDF9511BA87E96AFE61C6"
"runtime-regression-U2-screen","1080-motion-True","rgb-frame-5.f16","97BE2474959F538E62C40379969B7AECC5F4176DA346ABFAC53F006718C35672"
"runtime-regression-U2-screen","1080-motion-True","rgb-frame-6.f16","9585E548628F811A3DC68363EC3C6ED1A779AC99936AAD9565238524BEE7856B"
"runtime-regression-U2-screen","1080-motion-True","rgb-frame-7.f16","BA0E4683644B35F0B7091260B949044D8726CEE4CABC8FEE41EC6A0060CCA11F"
"runtime-regression-U2-screen","1080-motion-True","rgb-frame-8.f16","96F994CEB4574081B20F236DCE39A016D395C1B9EB2E521AE979D06A3CB2B0AC"
"runtime-regression-U2-screen","1080-motion-True","rgb-frame-9.f16","A747532975130CE7F961999D44D547433660BDBBFF2AB3B0B1A7057485B30FF8"
"runtime-regression-U2-screen","1080-motion-True","rgb-frame-10.f16","1001279F031FCAA32711CC848D7437B462FDCFB1C72B14264A51BDA8DB9D7A6E"
"runtime-regression-U2-screen","1080-motion-True","rgb-frame-11.f16","EF3EF3F43305E89547E3440D075E511B6F9B4F032E7C68F3D21782B6823F369E"
"runtime-regression-C-exact","900-static-False","rgb-frame-0.f16","54D7C1B454CD475AD2C12C2375AA6908FB9A3A7226F0901961EB49145EAAD689"
"runtime-regression-C-exact","900-static-False","rgb-frame-1.f16","54D7C1B454CD475AD2C12C2375AA6908FB9A3A7226F0901961EB49145EAAD689"
"runtime-regression-C-exact","900-static-False","rgb-frame-2.f16","54D7C1B454CD475AD2C12C2375AA6908FB9A3A7226F0901961EB49145EAAD689"
"runtime-regression-C-exact","900-static-False","rgb-frame-3.f16","54D7C1B454CD475AD2C12C2375AA6908FB9A3A7226F0901961EB49145EAAD689"
"runtime-regression-C-exact","900-static-False","rgb-frame-4.f16","54D7C1B454CD475AD2C12C2375AA6908FB9A3A7226F0901961EB49145EAAD689"
"runtime-regression-C-exact","900-static-False","rgb-frame-5.f16","54D7C1B454CD475AD2C12C2375AA6908FB9A3A7226F0901961EB49145EAAD689"
"runtime-regression-C-exact","900-static-False","rgb-frame-6.f16","54D7C1B454CD475AD2C12C2375AA6908FB9A3A7226F0901961EB49145EAAD689"
"runtime-regression-C-exact","900-static-False","rgb-frame-7.f16","54D7C1B454CD475AD2C12C2375AA6908FB9A3A7226F0901961EB49145EAAD689"
"runtime-regression-C-exact","900-static-False","rgb-frame-8.f16","54D7C1B454CD475AD2C12C2375AA6908FB9A3A7226F0901961EB49145EAAD689"
"runtime-regression-C-exact","900-static-False","rgb-frame-9.f16","54D7C1B454CD475AD2C12C2375AA6908FB9A3A7226F0901961EB49145EAAD689"
"runtime-regression-C-exact","900-static-False","rgb-frame-10.f16","54D7C1B454CD475AD2C12C2375AA6908FB9A3A7226F0901961EB49145EAAD689"
"runtime-regression-C-exact","900-static-False","rgb-frame-11.f16","54D7C1B454CD475AD2C12C2375AA6908FB9A3A7226F0901961EB49145EAAD689"
"runtime-regression-C-exact","900-static-True","rgb-frame-0.f16","54D7C1B454CD475AD2C12C2375AA6908FB9A3A7226F0901961EB49145EAAD689"
"runtime-regression-C-exact","900-static-True","rgb-frame-1.f16","54D7C1B454CD475AD2C12C2375AA6908FB9A3A7226F0901961EB49145EAAD689"
"runtime-regression-C-exact","900-static-True","rgb-frame-2.f16","54D7C1B454CD475AD2C12C2375AA6908FB9A3A7226F0901961EB49145EAAD689"
"runtime-regression-C-exact","900-static-True","rgb-frame-3.f16","54D7C1B454CD475AD2C12C2375AA6908FB9A3A7226F0901961EB49145EAAD689"
"runtime-regression-C-exact","900-static-True","rgb-frame-4.f16","54D7C1B454CD475AD2C12C2375AA6908FB9A3A7226F0901961EB49145EAAD689"
"runtime-regression-C-exact","900-static-True","rgb-frame-5.f16","54D7C1B454CD475AD2C12C2375AA6908FB9A3A7226F0901961EB49145EAAD689"
"runtime-regression-C-exact","900-static-True","rgb-frame-6.f16","54D7C1B454CD475AD2C12C2375AA6908FB9A3A7226F0901961EB49145EAAD689"
"runtime-regression-C-exact","900-static-True","rgb-frame-7.f16","54D7C1B454CD475AD2C12C2375AA6908FB9A3A7226F0901961EB49145EAAD689"
"runtime-regression-C-exact","900-static-True","rgb-frame-8.f16","54D7C1B454CD475AD2C12C2375AA6908FB9A3A7226F0901961EB49145EAAD689"
"runtime-regression-C-exact","900-static-True","rgb-frame-9.f16","54D7C1B454CD475AD2C12C2375AA6908FB9A3A7226F0901961EB49145EAAD689"
"runtime-regression-C-exact","900-static-True","rgb-frame-10.f16","54D7C1B454CD475AD2C12C2375AA6908FB9A3A7226F0901961EB49145EAAD689"
"runtime-regression-C-exact","900-static-True","rgb-frame-11.f16","54D7C1B454CD475AD2C12C2375AA6908FB9A3A7226F0901961EB49145EAAD689"
"runtime-regression-C-exact","900-motion-False","rgb-frame-0.f16","54D7C1B454CD475AD2C12C2375AA6908FB9A3A7226F0901961EB49145EAAD689"
"runtime-regression-C-exact","900-motion-False","rgb-frame-1.f16","61436AE16BEB2BCD8016651A196E46C422715DE64D871F3E37F00074ADA3E134"
"runtime-regression-C-exact","900-motion-False","rgb-frame-2.f16","72357594AFF0C04E1A0DA89279CD999C609A8458BDE46926D6B047AC80E78881"
"runtime-regression-C-exact","900-motion-False","rgb-frame-3.f16","5CBB0E39A61E3E3617DD47A2880FE10602ADC3335169EFA0F5582422EDE3BD22"
"runtime-regression-C-exact","900-motion-False","rgb-frame-4.f16","6D0B59DC7563724F7B7F2F7144EF708AD0B12F6281020D045D5D9C43852CCAB0"
"runtime-regression-C-exact","900-motion-False","rgb-frame-5.f16","7F18817931642727BCD064CCF16488DE422837D0215BCA5597CB0DF6D2EC34D2"
"runtime-regression-C-exact","900-motion-False","rgb-frame-6.f16","B525B9153D0A1064647E96782CC414CE6D7FAE90DA7CBC7BD65752B39808B32E"
"runtime-regression-C-exact","900-motion-False","rgb-frame-7.f16","C3B23A3E5FF42D584B0A2D0A08F0463922256E087532067D2D0550848ACFEAFC"
"runtime-regression-C-exact","900-motion-False","rgb-frame-8.f16","745E4CE01E98424719E850F863F6A1C4618A1B3798B6D5DB2FF1115E24FF0254"
"runtime-regression-C-exact","900-motion-False","rgb-frame-9.f16","B6287BB87C812FB0EB6134D14ADC94661E28015706189C1E9281EAE6FF1013BE"
"runtime-regression-C-exact","900-motion-False","rgb-frame-10.f16","2EF2FE360D41105D27A19F65EB8D1BB4B3FEB6A25F5620C853262F7D1B6EF2E1"
"runtime-regression-C-exact","900-motion-False","rgb-frame-11.f16","5475F39A1C6B8F1F3BA64154327376F7520166A25C297B8ADB08A7BAEB5A8F95"
"runtime-regression-C-exact","900-motion-True","rgb-frame-0.f16","54D7C1B454CD475AD2C12C2375AA6908FB9A3A7226F0901961EB49145EAAD689"
"runtime-regression-C-exact","900-motion-True","rgb-frame-1.f16","61436AE16BEB2BCD8016651A196E46C422715DE64D871F3E37F00074ADA3E134"
"runtime-regression-C-exact","900-motion-True","rgb-frame-2.f16","72357594AFF0C04E1A0DA89279CD999C609A8458BDE46926D6B047AC80E78881"
"runtime-regression-C-exact","900-motion-True","rgb-frame-3.f16","5CBB0E39A61E3E3617DD47A2880FE10602ADC3335169EFA0F5582422EDE3BD22"
"runtime-regression-C-exact","900-motion-True","rgb-frame-4.f16","6D0B59DC7563724F7B7F2F7144EF708AD0B12F6281020D045D5D9C43852CCAB0"
"runtime-regression-C-exact","900-motion-True","rgb-frame-5.f16","7F18817931642727BCD064CCF16488DE422837D0215BCA5597CB0DF6D2EC34D2"
"runtime-regression-C-exact","900-motion-True","rgb-frame-6.f16","B525B9153D0A1064647E96782CC414CE6D7FAE90DA7CBC7BD65752B39808B32E"
"runtime-regression-C-exact","900-motion-True","rgb-frame-7.f16","C3B23A3E5FF42D584B0A2D0A08F0463922256E087532067D2D0550848ACFEAFC"
"runtime-regression-C-exact","900-motion-True","rgb-frame-8.f16","745E4CE01E98424719E850F863F6A1C4618A1B3798B6D5DB2FF1115E24FF0254"
"runtime-regression-C-exact","900-motion-True","rgb-frame-9.f16","B6287BB87C812FB0EB6134D14ADC94661E28015706189C1E9281EAE6FF1013BE"
"runtime-regression-C-exact","900-motion-True","rgb-frame-10.f16","2EF2FE360D41105D27A19F65EB8D1BB4B3FEB6A25F5620C853262F7D1B6EF2E1"
"runtime-regression-C-exact","900-motion-True","rgb-frame-11.f16","5475F39A1C6B8F1F3BA64154327376F7520166A25C297B8ADB08A7BAEB5A8F95"
"runtime-regression-C-exact","1080-static-False","rgb-frame-0.f16","52947438109AA3E5A58DEB4DDC28045C175C51A6473775A1C102008CE7810D2B"
"runtime-regression-C-exact","1080-static-False","rgb-frame-1.f16","52947438109AA3E5A58DEB4DDC28045C175C51A6473775A1C102008CE7810D2B"
"runtime-regression-C-exact","1080-static-False","rgb-frame-2.f16","52947438109AA3E5A58DEB4DDC28045C175C51A6473775A1C102008CE7810D2B"
"runtime-regression-C-exact","1080-static-False","rgb-frame-3.f16","52947438109AA3E5A58DEB4DDC28045C175C51A6473775A1C102008CE7810D2B"
"runtime-regression-C-exact","1080-static-False","rgb-frame-4.f16","52947438109AA3E5A58DEB4DDC28045C175C51A6473775A1C102008CE7810D2B"
"runtime-regression-C-exact","1080-static-False","rgb-frame-5.f16","52947438109AA3E5A58DEB4DDC28045C175C51A6473775A1C102008CE7810D2B"
"runtime-regression-C-exact","1080-static-False","rgb-frame-6.f16","52947438109AA3E5A58DEB4DDC28045C175C51A6473775A1C102008CE7810D2B"
"runtime-regression-C-exact","1080-static-False","rgb-frame-7.f16","52947438109AA3E5A58DEB4DDC28045C175C51A6473775A1C102008CE7810D2B"
"runtime-regression-C-exact","1080-static-False","rgb-frame-8.f16","52947438109AA3E5A58DEB4DDC28045C175C51A6473775A1C102008CE7810D2B"
"runtime-regression-C-exact","1080-static-False","rgb-frame-9.f16","52947438109AA3E5A58DEB4DDC28045C175C51A6473775A1C102008CE7810D2B"
"runtime-regression-C-exact","1080-static-False","rgb-frame-10.f16","52947438109AA3E5A58DEB4DDC28045C175C51A6473775A1C102008CE7810D2B"
"runtime-regression-C-exact","1080-static-False","rgb-frame-11.f16","52947438109AA3E5A58DEB4DDC28045C175C51A6473775A1C102008CE7810D2B"
"runtime-regression-C-exact","1080-static-True","rgb-frame-0.f16","52947438109AA3E5A58DEB4DDC28045C175C51A6473775A1C102008CE7810D2B"
"runtime-regression-C-exact","1080-static-True","rgb-frame-1.f16","52947438109AA3E5A58DEB4DDC28045C175C51A6473775A1C102008CE7810D2B"
"runtime-regression-C-exact","1080-static-True","rgb-frame-2.f16","52947438109AA3E5A58DEB4DDC28045C175C51A6473775A1C102008CE7810D2B"
"runtime-regression-C-exact","1080-static-True","rgb-frame-3.f16","52947438109AA3E5A58DEB4DDC28045C175C51A6473775A1C102008CE7810D2B"
"runtime-regression-C-exact","1080-static-True","rgb-frame-4.f16","52947438109AA3E5A58DEB4DDC28045C175C51A6473775A1C102008CE7810D2B"
"runtime-regression-C-exact","1080-static-True","rgb-frame-5.f16","52947438109AA3E5A58DEB4DDC28045C175C51A6473775A1C102008CE7810D2B"
"runtime-regression-C-exact","1080-static-True","rgb-frame-6.f16","52947438109AA3E5A58DEB4DDC28045C175C51A6473775A1C102008CE7810D2B"
"runtime-regression-C-exact","1080-static-True","rgb-frame-7.f16","52947438109AA3E5A58DEB4DDC28045C175C51A6473775A1C102008CE7810D2B"
"runtime-regression-C-exact","1080-static-True","rgb-frame-8.f16","52947438109AA3E5A58DEB4DDC28045C175C51A6473775A1C102008CE7810D2B"
"runtime-regression-C-exact","1080-static-True","rgb-frame-9.f16","52947438109AA3E5A58DEB4DDC28045C175C51A6473775A1C102008CE7810D2B"
"runtime-regression-C-exact","1080-static-True","rgb-frame-10.f16","52947438109AA3E5A58DEB4DDC28045C175C51A6473775A1C102008CE7810D2B"
"runtime-regression-C-exact","1080-static-True","rgb-frame-11.f16","52947438109AA3E5A58DEB4DDC28045C175C51A6473775A1C102008CE7810D2B"
"runtime-regression-C-exact","1080-motion-False","rgb-frame-0.f16","52947438109AA3E5A58DEB4DDC28045C175C51A6473775A1C102008CE7810D2B"
"runtime-regression-C-exact","1080-motion-False","rgb-frame-1.f16","F53B947AEB3ADC7612E7729621D3E3EEC285F56CDE387FAEEBF2B7C758CD3696"
"runtime-regression-C-exact","1080-motion-False","rgb-frame-2.f16","ACD8CB15399BB1F480420469DD869CCCE1EF32E60FEEFBC6F694C060FA428C8F"
"runtime-regression-C-exact","1080-motion-False","rgb-frame-3.f16","F0127D4030E03D4593C418F4BF3B558E7F27F10A07EDB33EFFC5DE5552C960AE"
"runtime-regression-C-exact","1080-motion-False","rgb-frame-4.f16","B706FE30315CDA3BC5C42329382A9C5B438485B9F22FDF9511BA87E96AFE61C6"
"runtime-regression-C-exact","1080-motion-False","rgb-frame-5.f16","97BE2474959F538E62C40379969B7AECC5F4176DA346ABFAC53F006718C35672"
"runtime-regression-C-exact","1080-motion-False","rgb-frame-6.f16","9585E548628F811A3DC68363EC3C6ED1A779AC99936AAD9565238524BEE7856B"
"runtime-regression-C-exact","1080-motion-False","rgb-frame-7.f16","BA0E4683644B35F0B7091260B949044D8726CEE4CABC8FEE41EC6A0060CCA11F"
"runtime-regression-C-exact","1080-motion-False","rgb-frame-8.f16","96F994CEB4574081B20F236DCE39A016D395C1B9EB2E521AE979D06A3CB2B0AC"
"runtime-regression-C-exact","1080-motion-False","rgb-frame-9.f16","A747532975130CE7F961999D44D547433660BDBBFF2AB3B0B1A7057485B30FF8"
"runtime-regression-C-exact","1080-motion-False","rgb-frame-10.f16","1001279F031FCAA32711CC848D7437B462FDCFB1C72B14264A51BDA8DB9D7A6E"
"runtime-regression-C-exact","1080-motion-False","rgb-frame-11.f16","EF3EF3F43305E89547E3440D075E511B6F9B4F032E7C68F3D21782B6823F369E"
"runtime-regression-C-exact","1080-motion-True","rgb-frame-0.f16","52947438109AA3E5A58DEB4DDC28045C175C51A6473775A1C102008CE7810D2B"
"runtime-regression-C-exact","1080-motion-True","rgb-frame-1.f16","F53B947AEB3ADC7612E7729621D3E3EEC285F56CDE387FAEEBF2B7C758CD3696"
"runtime-regression-C-exact","1080-motion-True","rgb-frame-2.f16","ACD8CB15399BB1F480420469DD869CCCE1EF32E60FEEFBC6F694C060FA428C8F"
"runtime-regression-C-exact","1080-motion-True","rgb-frame-3.f16","F0127D4030E03D4593C418F4BF3B558E7F27F10A07EDB33EFFC5DE5552C960AE"
"runtime-regression-C-exact","1080-motion-True","rgb-frame-4.f16","B706FE30315CDA3BC5C42329382A9C5B438485B9F22FDF9511BA87E96AFE61C6"
"runtime-regression-C-exact","1080-motion-True","rgb-frame-5.f16","97BE2474959F538E62C40379969B7AECC5F4176DA346ABFAC53F006718C35672"
"runtime-regression-C-exact","1080-motion-True","rgb-frame-6.f16","9585E548628F811A3DC68363EC3C6ED1A779AC99936AAD9565238524BEE7856B"
"runtime-regression-C-exact","1080-motion-True","rgb-frame-7.f16","BA0E4683644B35F0B7091260B949044D8726CEE4CABC8FEE41EC6A0060CCA11F"
"runtime-regression-C-exact","1080-motion-True","rgb-frame-8.f16","96F994CEB4574081B20F236DCE39A016D395C1B9EB2E521AE979D06A3CB2B0AC"
"runtime-regression-C-exact","1080-motion-True","rgb-frame-9.f16","A747532975130CE7F961999D44D547433660BDBBFF2AB3B0B1A7057485B30FF8"
"runtime-regression-C-exact","1080-motion-True","rgb-frame-10.f16","1001279F031FCAA32711CC848D7437B462FDCFB1C72B14264A51BDA8DB9D7A6E"
"runtime-regression-C-exact","1080-motion-True","rgb-frame-11.f16","EF3EF3F43305E89547E3440D075E511B6F9B4F032E7C68F3D21782B6823F369E"
"runtime-regression-C-exact","720-motion-False","rgb-frame-0.f16","138FC8C47FD3FE2EE2FF594DC0676E5D40EBFBC032AA3D091C49FCF0A3A75143"
"runtime-regression-C-exact","720-motion-False","rgb-frame-1.f16","BF36FD7547E052E288F57D1006D416DA0B8FA4D0861E35B56697F0BEE0AA69FD"
"runtime-regression-C-exact","720-motion-False","rgb-frame-2.f16","B146F18E1EF4E02ACAE9D8716103A4C6EC1498277A954D058FAB33976D7C54D2"
"runtime-regression-C-exact","720-motion-False","rgb-frame-3.f16","38B9160E65F54E93C1561B020FEC5AA17A0E15059DBAB98E0C4A1DFFDDDE1A73"
"runtime-regression-C-exact","720-motion-False","rgb-frame-4.f16","998B60DB98B5B6FF4629811DE588AADB892EBED1DD5FCD3C1002F5B28C247D83"
"runtime-regression-C-exact","720-motion-False","rgb-frame-5.f16","A7E0366F444D3152A0997B0497D05C0FB6A2C87D714391B6A6B20C9488C00F94"
"runtime-regression-C-exact","720-motion-False","rgb-frame-6.f16","C9ED011C2C5690E2DED2801F2DCF055E06DBD4AD2AF95871678C118CCEE1FE52"
"runtime-regression-C-exact","720-motion-False","rgb-frame-7.f16","7DC4C23E61A12B33CBFAEC4B4A598F374D76355E06D3B729FEA232565660EE7B"
"runtime-regression-C-exact","720-motion-False","rgb-frame-8.f16","415E364E26BA810FC6F460D2C074A11332336CAE5BB98CA10F0F338223DFFCED"
"runtime-regression-C-exact","720-motion-False","rgb-frame-9.f16","1141C7AAFE01DC2B010FD22E23F976293D46B815EBD356903F7EB845E825DAB9"
"runtime-regression-C-exact","720-motion-False","rgb-frame-10.f16","F9B3CA2C6B16E167998F20E03CB6E273F36656724FD0453749327F41753D44EF"
"runtime-regression-C-exact","720-motion-False","rgb-frame-11.f16","C90688A2E7E641A03DF002D81B77251384C93EF3992E9F57D747009433B76A5D"
"runtime-regression-C-exact","720-motion-True","rgb-frame-0.f16","138FC8C47FD3FE2EE2FF594DC0676E5D40EBFBC032AA3D091C49FCF0A3A75143"
"runtime-regression-C-exact","720-motion-True","rgb-frame-1.f16","BF36FD7547E052E288F57D1006D416DA0B8FA4D0861E35B56697F0BEE0AA69FD"
"runtime-regression-C-exact","720-motion-True","rgb-frame-2.f16","B146F18E1EF4E02ACAE9D8716103A4C6EC1498277A954D058FAB33976D7C54D2"
"runtime-regression-C-exact","720-motion-True","rgb-frame-3.f16","38B9160E65F54E93C1561B020FEC5AA17A0E15059DBAB98E0C4A1DFFDDDE1A73"
"runtime-regression-C-exact","720-motion-True","rgb-frame-4.f16","998B60DB98B5B6FF4629811DE588AADB892EBED1DD5FCD3C1002F5B28C247D83"
"runtime-regression-C-exact","720-motion-True","rgb-frame-5.f16","A7E0366F444D3152A0997B0497D05C0FB6A2C87D714391B6A6B20C9488C00F94"
"runtime-regression-C-exact","720-motion-True","rgb-frame-6.f16","C9ED011C2C5690E2DED2801F2DCF055E06DBD4AD2AF95871678C118CCEE1FE52"
"runtime-regression-C-exact","720-motion-True","rgb-frame-7.f16","7DC4C23E61A12B33CBFAEC4B4A598F374D76355E06D3B729FEA232565660EE7B"
"runtime-regression-C-exact","720-motion-True","rgb-frame-8.f16","415E364E26BA810FC6F460D2C074A11332336CAE5BB98CA10F0F338223DFFCED"
"runtime-regression-C-exact","720-motion-True","rgb-frame-9.f16","1141C7AAFE01DC2B010FD22E23F976293D46B815EBD356903F7EB845E825DAB9"
"runtime-regression-C-exact","720-motion-True","rgb-frame-10.f16","F9B3CA2C6B16E167998F20E03CB6E273F36656724FD0453749327F41753D44EF"
"runtime-regression-C-exact","720-motion-True","rgb-frame-11.f16","C90688A2E7E641A03DF002D81B77251384C93EF3992E9F57D747009433B76A5D"
"runtime-regression-C-exact","900-history-False","rgb-frame-0.f16","54D7C1B454CD475AD2C12C2375AA6908FB9A3A7226F0901961EB49145EAAD689"
"runtime-regression-C-exact","900-history-False","rgb-frame-1.f16","0E06488F5605CA0A4B36C4B635BCC4EECAEA8EE59AFFE2D16D98000D6CE0D02A"
"runtime-regression-C-exact","900-history-False","rgb-frame-2.f16","3C427AE3FF1597FB7998F3FBCA80FF00A5A6C185905BE517439F078A98180ED0"
"runtime-regression-C-exact","900-history-False","rgb-frame-3.f16","3EF45970A5D2EC35CD946D5E9F86B040B07C871AACD875E7A3F8143831C9C715"
"runtime-regression-C-exact","900-history-False","rgb-frame-4.f16","8B0CC079E26716FCE1F1EDF0DFF72A850395A918E2AD635BA0768E3D6E9AE2A3"
"runtime-regression-C-exact","900-history-False","rgb-frame-5.f16","CA5A8F06EAE47CDDCA5BE6556758915C5906A48CB50160B73690D86F7CF3C10E"
"runtime-regression-C-exact","900-history-False","rgb-frame-6.f16","4BD706150686A35F1F158DB4F600E875E137B260D3A9F7263E156FEF717F48FA"
"runtime-regression-C-exact","900-history-False","rgb-frame-7.f16","9F3D418121E645EFE3C755EAF413D1E05EE40BC69A0F755C13B4FAAE67EA8F9C"
"runtime-regression-C-exact","900-history-False","rgb-frame-8.f16","280D0D158A80CF5A3215BBBCAABA2BDF4D0ECCFA96A3C2691E885CA6A7D64CE8"
"runtime-regression-C-exact","900-history-False","rgb-frame-9.f16","DF0E61FEDA363F5E3DBA7B910286046C376F177934844E3458DD89FA8715F2CE"
"runtime-regression-C-exact","900-history-False","rgb-frame-10.f16","D1B9878F4FDE2DD35A68DDCF13A138F5AA4D7B841C1B0940C44DFA0B53211981"
"runtime-regression-C-exact","900-history-False","rgb-frame-11.f16","D0D899C190F04ABFA969CF73787B04B80E8700A3E66B843291398D53FBBC3FA5"
"runtime-regression-C-exact","900-history-True","rgb-frame-0.f16","54D7C1B454CD475AD2C12C2375AA6908FB9A3A7226F0901961EB49145EAAD689"
"runtime-regression-C-exact","900-history-True","rgb-frame-1.f16","0E06488F5605CA0A4B36C4B635BCC4EECAEA8EE59AFFE2D16D98000D6CE0D02A"
"runtime-regression-C-exact","900-history-True","rgb-frame-2.f16","3C427AE3FF1597FB7998F3FBCA80FF00A5A6C185905BE517439F078A98180ED0"
"runtime-regression-C-exact","900-history-True","rgb-frame-3.f16","3EF45970A5D2EC35CD946D5E9F86B040B07C871AACD875E7A3F8143831C9C715"
"runtime-regression-C-exact","900-history-True","rgb-frame-4.f16","8B0CC079E26716FCE1F1EDF0DFF72A850395A918E2AD635BA0768E3D6E9AE2A3"
"runtime-regression-C-exact","900-history-True","rgb-frame-5.f16","CA5A8F06EAE47CDDCA5BE6556758915C5906A48CB50160B73690D86F7CF3C10E"
"runtime-regression-C-exact","900-history-True","rgb-frame-6.f16","4BD706150686A35F1F158DB4F600E875E137B260D3A9F7263E156FEF717F48FA"
"runtime-regression-C-exact","900-history-True","rgb-frame-7.f16","9F3D418121E645EFE3C755EAF413D1E05EE40BC69A0F755C13B4FAAE67EA8F9C"
"runtime-regression-C-exact","900-history-True","rgb-frame-8.f16","280D0D158A80CF5A3215BBBCAABA2BDF4D0ECCFA96A3C2691E885CA6A7D64CE8"
"runtime-regression-C-exact","900-history-True","rgb-frame-9.f16","DF0E61FEDA363F5E3DBA7B910286046C376F177934844E3458DD89FA8715F2CE"
"runtime-regression-C-exact","900-history-True","rgb-frame-10.f16","D1B9878F4FDE2DD35A68DDCF13A138F5AA4D7B841C1B0940C44DFA0B53211981"
"runtime-regression-C-exact","900-history-True","rgb-frame-11.f16","D0D899C190F04ABFA969CF73787B04B80E8700A3E66B843291398D53FBBC3FA5"
"runtime-regression-C-exact","1080-history-False","rgb-frame-0.f16","52947438109AA3E5A58DEB4DDC28045C175C51A6473775A1C102008CE7810D2B"
"runtime-regression-C-exact","1080-history-False","rgb-frame-1.f16","0A96C2525520771AB33558E4FA6A01F1B319CFCD55DCD89E3F14D4860381EF03"
"runtime-regression-C-exact","1080-history-False","rgb-frame-2.f16","642576C8D01E341FD6C9A1717D983A96BB442A4C2560CA77EC18F1C49751D1C3"
"runtime-regression-C-exact","1080-history-False","rgb-frame-3.f16","4B3F8251B2C87E070B37036BDCCBCC8583B5A75D66EF2876358BA2E9CAD32D90"
"runtime-regression-C-exact","1080-history-False","rgb-frame-4.f16","1E709B8CF0C54C04DBB387BEB4A2D8A5B5721C3E0079A4B2D1D927AC79EBDCD2"
"runtime-regression-C-exact","1080-history-False","rgb-frame-5.f16","AF012AC2F1C8DC35BDF09DAE68BB26820FBAC417DBEA191C987707128FA61D0B"
"runtime-regression-C-exact","1080-history-False","rgb-frame-6.f16","EF4AEC7575D6FBE6EBFAF5D6BA86A3E5F6FC37C860BAF70A5580FF6F7EEABC2A"
"runtime-regression-C-exact","1080-history-False","rgb-frame-7.f16","4FA3E686E242B96D8007B2BB628D622521392878C0570DFB0AA9A18D96CD168C"
"runtime-regression-C-exact","1080-history-False","rgb-frame-8.f16","2FCC5EF1E03C4DFEC125F447E373BB17637E94AA71198A4F15E72FD7750E5505"
"runtime-regression-C-exact","1080-history-False","rgb-frame-9.f16","253868E59506B9A4CE62D1984EFFBFDBE63D158AC89E67EDF03722DB82F264C0"
"runtime-regression-C-exact","1080-history-False","rgb-frame-10.f16","13EF07BDC42B82A22C670D308C5EFA80900DD30960B04C46F07D2BE0B7342A8E"
"runtime-regression-C-exact","1080-history-False","rgb-frame-11.f16","266C89831F10DBDE1C05B5CDF894D881E70C7DC8C4F9892D265C2AC32E171762"
"runtime-regression-C-exact","1080-history-True","rgb-frame-0.f16","52947438109AA3E5A58DEB4DDC28045C175C51A6473775A1C102008CE7810D2B"
"runtime-regression-C-exact","1080-history-True","rgb-frame-1.f16","0A96C2525520771AB33558E4FA6A01F1B319CFCD55DCD89E3F14D4860381EF03"
"runtime-regression-C-exact","1080-history-True","rgb-frame-2.f16","642576C8D01E341FD6C9A1717D983A96BB442A4C2560CA77EC18F1C49751D1C3"
"runtime-regression-C-exact","1080-history-True","rgb-frame-3.f16","4B3F8251B2C87E070B37036BDCCBCC8583B5A75D66EF2876358BA2E9CAD32D90"
"runtime-regression-C-exact","1080-history-True","rgb-frame-4.f16","1E709B8CF0C54C04DBB387BEB4A2D8A5B5721C3E0079A4B2D1D927AC79EBDCD2"
"runtime-regression-C-exact","1080-history-True","rgb-frame-5.f16","AF012AC2F1C8DC35BDF09DAE68BB26820FBAC417DBEA191C987707128FA61D0B"
"runtime-regression-C-exact","1080-history-True","rgb-frame-6.f16","EF4AEC7575D6FBE6EBFAF5D6BA86A3E5F6FC37C860BAF70A5580FF6F7EEABC2A"
"runtime-regression-C-exact","1080-history-True","rgb-frame-7.f16","4FA3E686E242B96D8007B2BB628D622521392878C0570DFB0AA9A18D96CD168C"
"runtime-regression-C-exact","1080-history-True","rgb-frame-8.f16","2FCC5EF1E03C4DFEC125F447E373BB17637E94AA71198A4F15E72FD7750E5505"
"runtime-regression-C-exact","1080-history-True","rgb-frame-9.f16","253868E59506B9A4CE62D1984EFFBFDBE63D158AC89E67EDF03722DB82F264C0"
"runtime-regression-C-exact","1080-history-True","rgb-frame-10.f16","13EF07BDC42B82A22C670D308C5EFA80900DD30960B04C46F07D2BE0B7342A8E"
"runtime-regression-C-exact","1080-history-True","rgb-frame-11.f16","266C89831F10DBDE1C05B5CDF894D881E70C7DC8C4F9892D265C2AC32E171762"
"runtime-regression-C-adaptive","900-static-False","rgb-frame-0.f16","54D7C1B454CD475AD2C12C2375AA6908FB9A3A7226F0901961EB49145EAAD689"
"runtime-regression-C-adaptive","900-static-False","rgb-frame-1.f16","54D7C1B454CD475AD2C12C2375AA6908FB9A3A7226F0901961EB49145EAAD689"
"runtime-regression-C-adaptive","900-static-False","rgb-frame-2.f16","54D7C1B454CD475AD2C12C2375AA6908FB9A3A7226F0901961EB49145EAAD689"
"runtime-regression-C-adaptive","900-static-False","rgb-frame-3.f16","54D7C1B454CD475AD2C12C2375AA6908FB9A3A7226F0901961EB49145EAAD689"
"runtime-regression-C-adaptive","900-static-False","rgb-frame-4.f16","54D7C1B454CD475AD2C12C2375AA6908FB9A3A7226F0901961EB49145EAAD689"
"runtime-regression-C-adaptive","900-static-False","rgb-frame-5.f16","54D7C1B454CD475AD2C12C2375AA6908FB9A3A7226F0901961EB49145EAAD689"
"runtime-regression-C-adaptive","900-static-False","rgb-frame-6.f16","54D7C1B454CD475AD2C12C2375AA6908FB9A3A7226F0901961EB49145EAAD689"
"runtime-regression-C-adaptive","900-static-False","rgb-frame-7.f16","54D7C1B454CD475AD2C12C2375AA6908FB9A3A7226F0901961EB49145EAAD689"
"runtime-regression-C-adaptive","900-static-False","rgb-frame-8.f16","54D7C1B454CD475AD2C12C2375AA6908FB9A3A7226F0901961EB49145EAAD689"
"runtime-regression-C-adaptive","900-static-False","rgb-frame-9.f16","54D7C1B454CD475AD2C12C2375AA6908FB9A3A7226F0901961EB49145EAAD689"
"runtime-regression-C-adaptive","900-static-False","rgb-frame-10.f16","54D7C1B454CD475AD2C12C2375AA6908FB9A3A7226F0901961EB49145EAAD689"
"runtime-regression-C-adaptive","900-static-False","rgb-frame-11.f16","54D7C1B454CD475AD2C12C2375AA6908FB9A3A7226F0901961EB49145EAAD689"
"runtime-regression-C-adaptive","900-static-True","rgb-frame-0.f16","54D7C1B454CD475AD2C12C2375AA6908FB9A3A7226F0901961EB49145EAAD689"
"runtime-regression-C-adaptive","900-static-True","rgb-frame-1.f16","54D7C1B454CD475AD2C12C2375AA6908FB9A3A7226F0901961EB49145EAAD689"
"runtime-regression-C-adaptive","900-static-True","rgb-frame-2.f16","54D7C1B454CD475AD2C12C2375AA6908FB9A3A7226F0901961EB49145EAAD689"
"runtime-regression-C-adaptive","900-static-True","rgb-frame-3.f16","54D7C1B454CD475AD2C12C2375AA6908FB9A3A7226F0901961EB49145EAAD689"
"runtime-regression-C-adaptive","900-static-True","rgb-frame-4.f16","54D7C1B454CD475AD2C12C2375AA6908FB9A3A7226F0901961EB49145EAAD689"
"runtime-regression-C-adaptive","900-static-True","rgb-frame-5.f16","54D7C1B454CD475AD2C12C2375AA6908FB9A3A7226F0901961EB49145EAAD689"
"runtime-regression-C-adaptive","900-static-True","rgb-frame-6.f16","54D7C1B454CD475AD2C12C2375AA6908FB9A3A7226F0901961EB49145EAAD689"
"runtime-regression-C-adaptive","900-static-True","rgb-frame-7.f16","54D7C1B454CD475AD2C12C2375AA6908FB9A3A7226F0901961EB49145EAAD689"
"runtime-regression-C-adaptive","900-static-True","rgb-frame-8.f16","54D7C1B454CD475AD2C12C2375AA6908FB9A3A7226F0901961EB49145EAAD689"
"runtime-regression-C-adaptive","900-static-True","rgb-frame-9.f16","54D7C1B454CD475AD2C12C2375AA6908FB9A3A7226F0901961EB49145EAAD689"
"runtime-regression-C-adaptive","900-static-True","rgb-frame-10.f16","54D7C1B454CD475AD2C12C2375AA6908FB9A3A7226F0901961EB49145EAAD689"
"runtime-regression-C-adaptive","900-static-True","rgb-frame-11.f16","54D7C1B454CD475AD2C12C2375AA6908FB9A3A7226F0901961EB49145EAAD689"
"runtime-regression-C-adaptive","900-motion-False","rgb-frame-0.f16","54D7C1B454CD475AD2C12C2375AA6908FB9A3A7226F0901961EB49145EAAD689"
"runtime-regression-C-adaptive","900-motion-False","rgb-frame-1.f16","61436AE16BEB2BCD8016651A196E46C422715DE64D871F3E37F00074ADA3E134"
"runtime-regression-C-adaptive","900-motion-False","rgb-frame-2.f16","C10437FF2750CB9E8D5C03BE727FFF83F624336CDEF58FAF6ECE42C754EADDB2"
"runtime-regression-C-adaptive","900-motion-False","rgb-frame-3.f16","056997CAEBCFC6233002F685DE93B3C74825000BF2361F7DABF8E86DA3E024A3"
"runtime-regression-C-adaptive","900-motion-False","rgb-frame-4.f16","6FA1692E3BF69C8F4276F8793AD39C67553BAE366E80BAC8822DAC9EFADF8CF4"
"runtime-regression-C-adaptive","900-motion-False","rgb-frame-5.f16","7F18817931642727BCD064CCF16488DE422837D0215BCA5597CB0DF6D2EC34D2"
"runtime-regression-C-adaptive","900-motion-False","rgb-frame-6.f16","0093E54292A7347940D56629FF2868684D14579ACFFF93AA0B16B05CE7165335"
"runtime-regression-C-adaptive","900-motion-False","rgb-frame-7.f16","F498729E2C8EC145AC498DFC33C8CB552428502B9063B6BD5DED426D8FE83575"
"runtime-regression-C-adaptive","900-motion-False","rgb-frame-8.f16","745E4CE01E98424719E850F863F6A1C4618A1B3798B6D5DB2FF1115E24FF0254"
"runtime-regression-C-adaptive","900-motion-False","rgb-frame-9.f16","F49C79B9070000A02A6C81DF0414D06DBEE9B555FC7B7B82E2480EFDCE4FEDA2"
"runtime-regression-C-adaptive","900-motion-False","rgb-frame-10.f16","B85869A6090CAE5C357C0413E55EF183D18ED4E02DF3A2942A58F7E12F448296"
"runtime-regression-C-adaptive","900-motion-False","rgb-frame-11.f16","5475F39A1C6B8F1F3BA64154327376F7520166A25C297B8ADB08A7BAEB5A8F95"
"runtime-regression-C-adaptive","900-motion-True","rgb-frame-0.f16","54D7C1B454CD475AD2C12C2375AA6908FB9A3A7226F0901961EB49145EAAD689"
"runtime-regression-C-adaptive","900-motion-True","rgb-frame-1.f16","61436AE16BEB2BCD8016651A196E46C422715DE64D871F3E37F00074ADA3E134"
"runtime-regression-C-adaptive","900-motion-True","rgb-frame-2.f16","C10437FF2750CB9E8D5C03BE727FFF83F624336CDEF58FAF6ECE42C754EADDB2"
"runtime-regression-C-adaptive","900-motion-True","rgb-frame-3.f16","056997CAEBCFC6233002F685DE93B3C74825000BF2361F7DABF8E86DA3E024A3"
"runtime-regression-C-adaptive","900-motion-True","rgb-frame-4.f16","6FA1692E3BF69C8F4276F8793AD39C67553BAE366E80BAC8822DAC9EFADF8CF4"
"runtime-regression-C-adaptive","900-motion-True","rgb-frame-5.f16","7F18817931642727BCD064CCF16488DE422837D0215BCA5597CB0DF6D2EC34D2"
"runtime-regression-C-adaptive","900-motion-True","rgb-frame-6.f16","0093E54292A7347940D56629FF2868684D14579ACFFF93AA0B16B05CE7165335"
"runtime-regression-C-adaptive","900-motion-True","rgb-frame-7.f16","F498729E2C8EC145AC498DFC33C8CB552428502B9063B6BD5DED426D8FE83575"
"runtime-regression-C-adaptive","900-motion-True","rgb-frame-8.f16","745E4CE01E98424719E850F863F6A1C4618A1B3798B6D5DB2FF1115E24FF0254"
"runtime-regression-C-adaptive","900-motion-True","rgb-frame-9.f16","F49C79B9070000A02A6C81DF0414D06DBEE9B555FC7B7B82E2480EFDCE4FEDA2"
"runtime-regression-C-adaptive","900-motion-True","rgb-frame-10.f16","B85869A6090CAE5C357C0413E55EF183D18ED4E02DF3A2942A58F7E12F448296"
"runtime-regression-C-adaptive","900-motion-True","rgb-frame-11.f16","5475F39A1C6B8F1F3BA64154327376F7520166A25C297B8ADB08A7BAEB5A8F95"
"runtime-regression-C-adaptive","1080-static-False","rgb-frame-0.f16","52947438109AA3E5A58DEB4DDC28045C175C51A6473775A1C102008CE7810D2B"
"runtime-regression-C-adaptive","1080-static-False","rgb-frame-1.f16","52947438109AA3E5A58DEB4DDC28045C175C51A6473775A1C102008CE7810D2B"
"runtime-regression-C-adaptive","1080-static-False","rgb-frame-2.f16","52947438109AA3E5A58DEB4DDC28045C175C51A6473775A1C102008CE7810D2B"
"runtime-regression-C-adaptive","1080-static-False","rgb-frame-3.f16","52947438109AA3E5A58DEB4DDC28045C175C51A6473775A1C102008CE7810D2B"
"runtime-regression-C-adaptive","1080-static-False","rgb-frame-4.f16","52947438109AA3E5A58DEB4DDC28045C175C51A6473775A1C102008CE7810D2B"
"runtime-regression-C-adaptive","1080-static-False","rgb-frame-5.f16","52947438109AA3E5A58DEB4DDC28045C175C51A6473775A1C102008CE7810D2B"
"runtime-regression-C-adaptive","1080-static-False","rgb-frame-6.f16","52947438109AA3E5A58DEB4DDC28045C175C51A6473775A1C102008CE7810D2B"
"runtime-regression-C-adaptive","1080-static-False","rgb-frame-7.f16","52947438109AA3E5A58DEB4DDC28045C175C51A6473775A1C102008CE7810D2B"
"runtime-regression-C-adaptive","1080-static-False","rgb-frame-8.f16","52947438109AA3E5A58DEB4DDC28045C175C51A6473775A1C102008CE7810D2B"
"runtime-regression-C-adaptive","1080-static-False","rgb-frame-9.f16","52947438109AA3E5A58DEB4DDC28045C175C51A6473775A1C102008CE7810D2B"
"runtime-regression-C-adaptive","1080-static-False","rgb-frame-10.f16","52947438109AA3E5A58DEB4DDC28045C175C51A6473775A1C102008CE7810D2B"
"runtime-regression-C-adaptive","1080-static-False","rgb-frame-11.f16","52947438109AA3E5A58DEB4DDC28045C175C51A6473775A1C102008CE7810D2B"
"runtime-regression-C-adaptive","1080-static-True","rgb-frame-0.f16","52947438109AA3E5A58DEB4DDC28045C175C51A6473775A1C102008CE7810D2B"
"runtime-regression-C-adaptive","1080-static-True","rgb-frame-1.f16","52947438109AA3E5A58DEB4DDC28045C175C51A6473775A1C102008CE7810D2B"
"runtime-regression-C-adaptive","1080-static-True","rgb-frame-2.f16","52947438109AA3E5A58DEB4DDC28045C175C51A6473775A1C102008CE7810D2B"
"runtime-regression-C-adaptive","1080-static-True","rgb-frame-3.f16","52947438109AA3E5A58DEB4DDC28045C175C51A6473775A1C102008CE7810D2B"
"runtime-regression-C-adaptive","1080-static-True","rgb-frame-4.f16","52947438109AA3E5A58DEB4DDC28045C175C51A6473775A1C102008CE7810D2B"
"runtime-regression-C-adaptive","1080-static-True","rgb-frame-5.f16","52947438109AA3E5A58DEB4DDC28045C175C51A6473775A1C102008CE7810D2B"
"runtime-regression-C-adaptive","1080-static-True","rgb-frame-6.f16","52947438109AA3E5A58DEB4DDC28045C175C51A6473775A1C102008CE7810D2B"
"runtime-regression-C-adaptive","1080-static-True","rgb-frame-7.f16","52947438109AA3E5A58DEB4DDC28045C175C51A6473775A1C102008CE7810D2B"
"runtime-regression-C-adaptive","1080-static-True","rgb-frame-8.f16","52947438109AA3E5A58DEB4DDC28045C175C51A6473775A1C102008CE7810D2B"
"runtime-regression-C-adaptive","1080-static-True","rgb-frame-9.f16","52947438109AA3E5A58DEB4DDC28045C175C51A6473775A1C102008CE7810D2B"
"runtime-regression-C-adaptive","1080-static-True","rgb-frame-10.f16","52947438109AA3E5A58DEB4DDC28045C175C51A6473775A1C102008CE7810D2B"
"runtime-regression-C-adaptive","1080-static-True","rgb-frame-11.f16","52947438109AA3E5A58DEB4DDC28045C175C51A6473775A1C102008CE7810D2B"
"runtime-regression-C-adaptive","1080-motion-False","rgb-frame-0.f16","52947438109AA3E5A58DEB4DDC28045C175C51A6473775A1C102008CE7810D2B"
"runtime-regression-C-adaptive","1080-motion-False","rgb-frame-1.f16","F53B947AEB3ADC7612E7729621D3E3EEC285F56CDE387FAEEBF2B7C758CD3696"
"runtime-regression-C-adaptive","1080-motion-False","rgb-frame-2.f16","CF1A35ECAB0CE289C98A4EE55B0C960EB210DCA5AD2DBAC9088769673C70B70A"
"runtime-regression-C-adaptive","1080-motion-False","rgb-frame-3.f16","5B988EA2758B39112DB226A807ABD99C390A46A14112BF95BB8E08715C917373"
"runtime-regression-C-adaptive","1080-motion-False","rgb-frame-4.f16","B706FE30315CDA3BC5C42329382A9C5B438485B9F22FDF9511BA87E96AFE61C6"
"runtime-regression-C-adaptive","1080-motion-False","rgb-frame-5.f16","370D3757E79FF5133493DCDED158449DB9D201BF503AD78F8A20B2869B630980"
"runtime-regression-C-adaptive","1080-motion-False","rgb-frame-6.f16","3DE1BDAD85CCC66B0C109A5C165A5F4EC388E9547DDE28C73FB70FBA53E3A976"
"runtime-regression-C-adaptive","1080-motion-False","rgb-frame-7.f16","BA0E4683644B35F0B7091260B949044D8726CEE4CABC8FEE41EC6A0060CCA11F"
"runtime-regression-C-adaptive","1080-motion-False","rgb-frame-8.f16","5D6507ECC11D124BE9C8332CCD63B999178202C54529F34C1E394E524EDDD6EE"
"runtime-regression-C-adaptive","1080-motion-False","rgb-frame-9.f16","E516863E60948D4025ACE021AFB817DFFD5E14E467319759BC32B8FECDBB513F"
"runtime-regression-C-adaptive","1080-motion-False","rgb-frame-10.f16","1001279F031FCAA32711CC848D7437B462FDCFB1C72B14264A51BDA8DB9D7A6E"
"runtime-regression-C-adaptive","1080-motion-False","rgb-frame-11.f16","20EBE3294DF3C8747A3CE17052E214B3492E86DEB2EE9FD007F746937C8ECA61"
"runtime-regression-C-adaptive","1080-motion-True","rgb-frame-0.f16","52947438109AA3E5A58DEB4DDC28045C175C51A6473775A1C102008CE7810D2B"
"runtime-regression-C-adaptive","1080-motion-True","rgb-frame-1.f16","F53B947AEB3ADC7612E7729621D3E3EEC285F56CDE387FAEEBF2B7C758CD3696"
"runtime-regression-C-adaptive","1080-motion-True","rgb-frame-2.f16","CF1A35ECAB0CE289C98A4EE55B0C960EB210DCA5AD2DBAC9088769673C70B70A"
"runtime-regression-C-adaptive","1080-motion-True","rgb-frame-3.f16","5B988EA2758B39112DB226A807ABD99C390A46A14112BF95BB8E08715C917373"
"runtime-regression-C-adaptive","1080-motion-True","rgb-frame-4.f16","B706FE30315CDA3BC5C42329382A9C5B438485B9F22FDF9511BA87E96AFE61C6"
"runtime-regression-C-adaptive","1080-motion-True","rgb-frame-5.f16","370D3757E79FF5133493DCDED158449DB9D201BF503AD78F8A20B2869B630980"
"runtime-regression-C-adaptive","1080-motion-True","rgb-frame-6.f16","3DE1BDAD85CCC66B0C109A5C165A5F4EC388E9547DDE28C73FB70FBA53E3A976"
"runtime-regression-C-adaptive","1080-motion-True","rgb-frame-7.f16","BA0E4683644B35F0B7091260B949044D8726CEE4CABC8FEE41EC6A0060CCA11F"
"runtime-regression-C-adaptive","1080-motion-True","rgb-frame-8.f16","5D6507ECC11D124BE9C8332CCD63B999178202C54529F34C1E394E524EDDD6EE"
"runtime-regression-C-adaptive","1080-motion-True","rgb-frame-9.f16","E516863E60948D4025ACE021AFB817DFFD5E14E467319759BC32B8FECDBB513F"
"runtime-regression-C-adaptive","1080-motion-True","rgb-frame-10.f16","1001279F031FCAA32711CC848D7437B462FDCFB1C72B14264A51BDA8DB9D7A6E"
"runtime-regression-C-adaptive","1080-motion-True","rgb-frame-11.f16","20EBE3294DF3C8747A3CE17052E214B3492E86DEB2EE9FD007F746937C8ECA61"
"runtime-regression-C-adaptive","720-motion-False","rgb-frame-0.f16","138FC8C47FD3FE2EE2FF594DC0676E5D40EBFBC032AA3D091C49FCF0A3A75143"
"runtime-regression-C-adaptive","720-motion-False","rgb-frame-1.f16","BF36FD7547E052E288F57D1006D416DA0B8FA4D0861E35B56697F0BEE0AA69FD"
"runtime-regression-C-adaptive","720-motion-False","rgb-frame-2.f16","9990C77FF52A3F3F036F07EC3C5D5FAD8A78B8FB233C5C676C095276A29F8D1F"
"runtime-regression-C-adaptive","720-motion-False","rgb-frame-3.f16","7CCABCE117F5031EE28D0EA23E415726FD7CEA8928841C439360972B07A7C036"
"runtime-regression-C-adaptive","720-motion-False","rgb-frame-4.f16","998B60DB98B5B6FF4629811DE588AADB892EBED1DD5FCD3C1002F5B28C247D83"
"runtime-regression-C-adaptive","720-motion-False","rgb-frame-5.f16","DAE9107EB2754921B12026B5AD3D0BD74F248F36841F6EFB6BACE4375CAD603F"
"runtime-regression-C-adaptive","720-motion-False","rgb-frame-6.f16","1F60001B95D82EB98B94A4A9725F4429D87A2FF103F29C9C3C97305F0E9360F6"
"runtime-regression-C-adaptive","720-motion-False","rgb-frame-7.f16","718D29A6C75E81E19DC6ABE80CC0F7128F0A9910D8E1FDC167BE50EEA5F5F4FD"
"runtime-regression-C-adaptive","720-motion-False","rgb-frame-8.f16","415E364E26BA810FC6F460D2C074A11332336CAE5BB98CA10F0F338223DFFCED"
"runtime-regression-C-adaptive","720-motion-False","rgb-frame-9.f16","69C04B8EC55022585F0525A28475B93FC2B22EFF45885481217A401BF2B8A6C5"
"runtime-regression-C-adaptive","720-motion-False","rgb-frame-10.f16","0635F91C0DF5B692DED512140EBC5AF59EB06667ECA82BD84D58E495587A6084"
"runtime-regression-C-adaptive","720-motion-False","rgb-frame-11.f16","9DF9122ACADE184B91D36A66FEFCFAC8E841ECC7C5BB06DF9FFFAE0F44112F77"
"runtime-regression-C-adaptive","720-motion-True","rgb-frame-0.f16","138FC8C47FD3FE2EE2FF594DC0676E5D40EBFBC032AA3D091C49FCF0A3A75143"
"runtime-regression-C-adaptive","720-motion-True","rgb-frame-1.f16","BF36FD7547E052E288F57D1006D416DA0B8FA4D0861E35B56697F0BEE0AA69FD"
"runtime-regression-C-adaptive","720-motion-True","rgb-frame-2.f16","9990C77FF52A3F3F036F07EC3C5D5FAD8A78B8FB233C5C676C095276A29F8D1F"
"runtime-regression-C-adaptive","720-motion-True","rgb-frame-3.f16","7CCABCE117F5031EE28D0EA23E415726FD7CEA8928841C439360972B07A7C036"
"runtime-regression-C-adaptive","720-motion-True","rgb-frame-4.f16","998B60DB98B5B6FF4629811DE588AADB892EBED1DD5FCD3C1002F5B28C247D83"
"runtime-regression-C-adaptive","720-motion-True","rgb-frame-5.f16","DAE9107EB2754921B12026B5AD3D0BD74F248F36841F6EFB6BACE4375CAD603F"
"runtime-regression-C-adaptive","720-motion-True","rgb-frame-6.f16","1F60001B95D82EB98B94A4A9725F4429D87A2FF103F29C9C3C97305F0E9360F6"
"runtime-regression-C-adaptive","720-motion-True","rgb-frame-7.f16","718D29A6C75E81E19DC6ABE80CC0F7128F0A9910D8E1FDC167BE50EEA5F5F4FD"
"runtime-regression-C-adaptive","720-motion-True","rgb-frame-8.f16","415E364E26BA810FC6F460D2C074A11332336CAE5BB98CA10F0F338223DFFCED"
"runtime-regression-C-adaptive","720-motion-True","rgb-frame-9.f16","69C04B8EC55022585F0525A28475B93FC2B22EFF45885481217A401BF2B8A6C5"
"runtime-regression-C-adaptive","720-motion-True","rgb-frame-10.f16","0635F91C0DF5B692DED512140EBC5AF59EB06667ECA82BD84D58E495587A6084"
"runtime-regression-C-adaptive","720-motion-True","rgb-frame-11.f16","9DF9122ACADE184B91D36A66FEFCFAC8E841ECC7C5BB06DF9FFFAE0F44112F77"
"runtime-regression-C-adaptive","900-history-False","rgb-frame-0.f16","54D7C1B454CD475AD2C12C2375AA6908FB9A3A7226F0901961EB49145EAAD689"
"runtime-regression-C-adaptive","900-history-False","rgb-frame-1.f16","0E06488F5605CA0A4B36C4B635BCC4EECAEA8EE59AFFE2D16D98000D6CE0D02A"
"runtime-regression-C-adaptive","900-history-False","rgb-frame-2.f16","3C427AE3FF1597FB7998F3FBCA80FF00A5A6C185905BE517439F078A98180ED0"
"runtime-regression-C-adaptive","900-history-False","rgb-frame-3.f16","75A8C68C09BC69B4F629A27756B41E2A2124249A0988E1A3739CE0652E2EB7C3"
"runtime-regression-C-adaptive","900-history-False","rgb-frame-4.f16","A06DE3352F1D34CEFE03772772CEE3A3AE320C6A593B8A1322AA82F7D3A4C23D"
"runtime-regression-C-adaptive","900-history-False","rgb-frame-5.f16","D8E4E31EC70256C6B438C7AFC109EF1DA482A1933DAE4D479AA937788C46077A"
"runtime-regression-C-adaptive","900-history-False","rgb-frame-6.f16","312BCBCEE6DBB4506CD8331098E9C25E9A78E133BA9582436D578C153AF9B2AF"
"runtime-regression-C-adaptive","900-history-False","rgb-frame-7.f16","EBF6FCD1B6B71D45077FDE0250ACB645EF52AC409E3BBF172F34056E133A1D2A"
"runtime-regression-C-adaptive","900-history-False","rgb-frame-8.f16","53F638EC2E7DF6C1A8486CD72297D34F9D30687B0CC9789FAD0B114C688047F0"
"runtime-regression-C-adaptive","900-history-False","rgb-frame-9.f16","55E89624BCFDB607F22BB0B1EF94F8585497A9EA817CFA483EA21D36E3745C49"
"runtime-regression-C-adaptive","900-history-False","rgb-frame-10.f16","6167845FEA672AEB0A2F0196BDE3D31F3695BDA591CF7002F7D39703EB2B87F3"
"runtime-regression-C-adaptive","900-history-False","rgb-frame-11.f16","F41C89C1E78298BF3CFD381824189E1C87C31B5FCDAA889A357CD1A68BBC6E4B"
"runtime-regression-C-adaptive","900-history-True","rgb-frame-0.f16","54D7C1B454CD475AD2C12C2375AA6908FB9A3A7226F0901961EB49145EAAD689"
"runtime-regression-C-adaptive","900-history-True","rgb-frame-1.f16","0E06488F5605CA0A4B36C4B635BCC4EECAEA8EE59AFFE2D16D98000D6CE0D02A"
"runtime-regression-C-adaptive","900-history-True","rgb-frame-2.f16","3C427AE3FF1597FB7998F3FBCA80FF00A5A6C185905BE517439F078A98180ED0"
"runtime-regression-C-adaptive","900-history-True","rgb-frame-3.f16","75A8C68C09BC69B4F629A27756B41E2A2124249A0988E1A3739CE0652E2EB7C3"
"runtime-regression-C-adaptive","900-history-True","rgb-frame-4.f16","A06DE3352F1D34CEFE03772772CEE3A3AE320C6A593B8A1322AA82F7D3A4C23D"
"runtime-regression-C-adaptive","900-history-True","rgb-frame-5.f16","D8E4E31EC70256C6B438C7AFC109EF1DA482A1933DAE4D479AA937788C46077A"
"runtime-regression-C-adaptive","900-history-True","rgb-frame-6.f16","312BCBCEE6DBB4506CD8331098E9C25E9A78E133BA9582436D578C153AF9B2AF"
"runtime-regression-C-adaptive","900-history-True","rgb-frame-7.f16","EBF6FCD1B6B71D45077FDE0250ACB645EF52AC409E3BBF172F34056E133A1D2A"
"runtime-regression-C-adaptive","900-history-True","rgb-frame-8.f16","53F638EC2E7DF6C1A8486CD72297D34F9D30687B0CC9789FAD0B114C688047F0"
"runtime-regression-C-adaptive","900-history-True","rgb-frame-9.f16","55E89624BCFDB607F22BB0B1EF94F8585497A9EA817CFA483EA21D36E3745C49"
"runtime-regression-C-adaptive","900-history-True","rgb-frame-10.f16","6167845FEA672AEB0A2F0196BDE3D31F3695BDA591CF7002F7D39703EB2B87F3"
"runtime-regression-C-adaptive","900-history-True","rgb-frame-11.f16","F41C89C1E78298BF3CFD381824189E1C87C31B5FCDAA889A357CD1A68BBC6E4B"
"runtime-regression-C-adaptive","1080-history-False","rgb-frame-0.f16","52947438109AA3E5A58DEB4DDC28045C175C51A6473775A1C102008CE7810D2B"
"runtime-regression-C-adaptive","1080-history-False","rgb-frame-1.f16","0A96C2525520771AB33558E4FA6A01F1B319CFCD55DCD89E3F14D4860381EF03"
"runtime-regression-C-adaptive","1080-history-False","rgb-frame-2.f16","642576C8D01E341FD6C9A1717D983A96BB442A4C2560CA77EC18F1C49751D1C3"
"runtime-regression-C-adaptive","1080-history-False","rgb-frame-3.f16","4B3F8251B2C87E070B37036BDCCBCC8583B5A75D66EF2876358BA2E9CAD32D90"
"runtime-regression-C-adaptive","1080-history-False","rgb-frame-4.f16","1E709B8CF0C54C04DBB387BEB4A2D8A5B5721C3E0079A4B2D1D927AC79EBDCD2"
"runtime-regression-C-adaptive","1080-history-False","rgb-frame-5.f16","AF012AC2F1C8DC35BDF09DAE68BB26820FBAC417DBEA191C987707128FA61D0B"
"runtime-regression-C-adaptive","1080-history-False","rgb-frame-6.f16","EF4AEC7575D6FBE6EBFAF5D6BA86A3E5F6FC37C860BAF70A5580FF6F7EEABC2A"
"runtime-regression-C-adaptive","1080-history-False","rgb-frame-7.f16","2D1FD9AB74C23F3D036CD0BD5AE25C0BEFD859C473240D436A0BBDE5FDC5F840"
"runtime-regression-C-adaptive","1080-history-False","rgb-frame-8.f16","EEFC395B16810A3BD937867440234E51008EA04E9A71DE607241282683A81FF3"
"runtime-regression-C-adaptive","1080-history-False","rgb-frame-9.f16","AB0A95CB4964E1F559396DFE19FE4CACE992EAC7621996E0CAA1B78B5C579E9C"
"runtime-regression-C-adaptive","1080-history-False","rgb-frame-10.f16","3721F0F95DAD002A04EAFCF73975DF0401D40AD7F66E8B9D95179FCED9878F6E"
"runtime-regression-C-adaptive","1080-history-False","rgb-frame-11.f16","25131680EC7E66F966385AD36E0FB0AF59EC8879CF776BBD972A97845FED62F9"
"runtime-regression-C-adaptive","1080-history-True","rgb-frame-0.f16","52947438109AA3E5A58DEB4DDC28045C175C51A6473775A1C102008CE7810D2B"
"runtime-regression-C-adaptive","1080-history-True","rgb-frame-1.f16","0A96C2525520771AB33558E4FA6A01F1B319CFCD55DCD89E3F14D4860381EF03"
"runtime-regression-C-adaptive","1080-history-True","rgb-frame-2.f16","642576C8D01E341FD6C9A1717D983A96BB442A4C2560CA77EC18F1C49751D1C3"
"runtime-regression-C-adaptive","1080-history-True","rgb-frame-3.f16","4B3F8251B2C87E070B37036BDCCBCC8583B5A75D66EF2876358BA2E9CAD32D90"
"runtime-regression-C-adaptive","1080-history-True","rgb-frame-4.f16","1E709B8CF0C54C04DBB387BEB4A2D8A5B5721C3E0079A4B2D1D927AC79EBDCD2"
"runtime-regression-C-adaptive","1080-history-True","rgb-frame-5.f16","AF012AC2F1C8DC35BDF09DAE68BB26820FBAC417DBEA191C987707128FA61D0B"
"runtime-regression-C-adaptive","1080-history-True","rgb-frame-6.f16","EF4AEC7575D6FBE6EBFAF5D6BA86A3E5F6FC37C860BAF70A5580FF6F7EEABC2A"
"runtime-regression-C-adaptive","1080-history-True","rgb-frame-7.f16","2D1FD9AB74C23F3D036CD0BD5AE25C0BEFD859C473240D436A0BBDE5FDC5F840"
"runtime-regression-C-adaptive","1080-history-True","rgb-frame-8.f16","EEFC395B16810A3BD937867440234E51008EA04E9A71DE607241282683A81FF3"
"runtime-regression-C-adaptive","1080-history-True","rgb-frame-9.f16","AB0A95CB4964E1F559396DFE19FE4CACE992EAC7621996E0CAA1B78B5C579E9C"
"runtime-regression-C-adaptive","1080-history-True","rgb-frame-10.f16","3721F0F95DAD002A04EAFCF73975DF0401D40AD7F66E8B9D95179FCED9878F6E"
"runtime-regression-C-adaptive","1080-history-True","rgb-frame-11.f16","25131680EC7E66F966385AD36E0FB0AF59EC8879CF776BBD972A97845FED62F9"
"runtime-regression-C-gameflags","1080-motion-False","rgb-frame-0.f16","9AF353C3463F7701F552E17F75B6CAE8B60D5B439D9BDA141EE819DA015F8410"
"runtime-regression-C-gameflags","1080-motion-False","rgb-frame-1.f16","8CD536339047F1F4696057277D1ADD33103B9F0072C6B14C24F4334586CC59D1"
"runtime-regression-C-gameflags","1080-motion-False","rgb-frame-2.f16","8581B1220EE64F6F88C481FB4BA1B3FB6C02A42AECC89118EF268486EEE1E49F"
"runtime-regression-C-gameflags","1080-motion-False","rgb-frame-3.f16","FE82FC3D70B73374EF3EDC1CE937627B77DD1F84951BA3BB7BF683D866915629"
"runtime-regression-C-gameflags","1080-motion-False","rgb-frame-4.f16","436F972978492A4CD788D8F10516E6AD9D33E7527F9BE2A07508E635A9B32CA7"
"runtime-regression-C-gameflags","1080-motion-False","rgb-frame-5.f16","605FE19A5507741BF823AF6A5958EC181F01A84EA9340587AA3EBE8F3CC63B77"
"runtime-regression-C-gameflags","1080-motion-False","rgb-frame-6.f16","82AD5EA5ACABC0FDA2636C88D09526CC80F1DF827CE2EC117E549F4CB6540462"
"runtime-regression-C-gameflags","1080-motion-False","rgb-frame-7.f16","61E8C1A01FFC411DEB812826629C886DD0092741FC3FC3989987A055176D2838"
"runtime-regression-C-gameflags","1080-motion-False","rgb-frame-8.f16","F21BD40F12FA46F353010E7281A738EB096E2C77F2FDE83568EF1F2B2F3219F2"
"runtime-regression-C-gameflags","1080-motion-False","rgb-frame-9.f16","219C8A57C6D172E0FBCE45CD5CCABCAB098DBEAEFA28C1F91397020223F0A232"
"runtime-regression-C-gameflags","1080-motion-False","rgb-frame-10.f16","F9BDF973F7A1BC4F67D981C53803F9A68329641C16764C0CCFF537DC7CDD0CB1"
"runtime-regression-C-gameflags","1080-motion-False","rgb-frame-11.f16","C77CFADF2BD43EE002BDFD9E9CB4FAAB66AD731B0EF757F69691C5D4F02A5B9E"
"runtime-regression-C-gameflags","1080-motion-True","rgb-frame-0.f16","9AF353C3463F7701F552E17F75B6CAE8B60D5B439D9BDA141EE819DA015F8410"
"runtime-regression-C-gameflags","1080-motion-True","rgb-frame-1.f16","8CD536339047F1F4696057277D1ADD33103B9F0072C6B14C24F4334586CC59D1"
"runtime-regression-C-gameflags","1080-motion-True","rgb-frame-2.f16","8581B1220EE64F6F88C481FB4BA1B3FB6C02A42AECC89118EF268486EEE1E49F"
"runtime-regression-C-gameflags","1080-motion-True","rgb-frame-3.f16","FE82FC3D70B73374EF3EDC1CE937627B77DD1F84951BA3BB7BF683D866915629"
"runtime-regression-C-gameflags","1080-motion-True","rgb-frame-4.f16","436F972978492A4CD788D8F10516E6AD9D33E7527F9BE2A07508E635A9B32CA7"
"runtime-regression-C-gameflags","1080-motion-True","rgb-frame-5.f16","605FE19A5507741BF823AF6A5958EC181F01A84EA9340587AA3EBE8F3CC63B77"
"runtime-regression-C-gameflags","1080-motion-True","rgb-frame-6.f16","82AD5EA5ACABC0FDA2636C88D09526CC80F1DF827CE2EC117E549F4CB6540462"
"runtime-regression-C-gameflags","1080-motion-True","rgb-frame-7.f16","61E8C1A01FFC411DEB812826629C886DD0092741FC3FC3989987A055176D2838"
"runtime-regression-C-gameflags","1080-motion-True","rgb-frame-8.f16","F21BD40F12FA46F353010E7281A738EB096E2C77F2FDE83568EF1F2B2F3219F2"
"runtime-regression-C-gameflags","1080-motion-True","rgb-frame-9.f16","219C8A57C6D172E0FBCE45CD5CCABCAB098DBEAEFA28C1F91397020223F0A232"
"runtime-regression-C-gameflags","1080-motion-True","rgb-frame-10.f16","F9BDF973F7A1BC4F67D981C53803F9A68329641C16764C0CCFF537DC7CDD0CB1"
"runtime-regression-C-gameflags","1080-motion-True","rgb-frame-11.f16","C77CFADF2BD43EE002BDFD9E9CB4FAAB66AD731B0EF757F69691C5D4F02A5B9E"
