TOPO,c32_wave1,c32_wave1_prefix,34560,32
TOPO,c32_wave1,c32_wave1_mapped,8640,32
TOPO,c32_wave1,c32_wave1_chain,8833,32
TOPO,c32_wave1,c32_wave1_chain,8712,32
TOPO,c32_wave1,c32_wave1_finish_dcrop,8760,32
TOPO,mh_fast,mh_pool_project_production_h16w,34560,32
TOPO,c64_wave2,c64_wave2_bo,2160,64
TOPO,c64_wave2,c64_wave2_bi_bo,2257,64
TOPO,c64_wave2,c64_wave2_bi_bo,2196,64
TOPO,c64_wave2,c64_wave2_bi,2220,64
TOPO,mh_fast,mh_pool_project_group_c64,2160,64
TOPO,c64_wave2,c128_wave2_bo,540,128
TOPO,c64_wave2,c128_wave2_bi_bo,589,128
TOPO,c64_wave2,c128_wave2_bi_bo,558,128
TOPO,c64_wave2,c128_wave2_bi_bo,570,128
TOPO,c64_wave2,c128_wave2_bi_bo,540,128
TOPO,c64_wave2,c128_wave2_bi,589,128
TOPO,mh_fast,mh_pool_project_group_c128,540,128
TOPO,c64_wave2,c256_wave2_bo,135,256
TOPO,c64_wave2,c256_wave2_bi_bo,160,256
TOPO,c64_wave2,c256_wave2_bi_bo,144,256
TOPO,c64_wave2,c256_wave2_bi_bo,150,256
TOPO,c64_wave2,c256_wave2_bi_bo,135,256
TOPO,c64_wave2,c256_wave2_bi_bo,160,256
TOPO,c64_wave2,c256_wave2_bi_bo,144,256
TOPO,c64_wave2,c256_wave2_bi,150,256
TOPO,mh_fast,mh_pool_project_group_c256,135,256
TOPO,mh,mh_shift_pack,5120,256
TOPO,c512_m32_deep,split_mix_blocked_h16w_m32,640,32
TOPO,deep_fast,split_ffn_fused_fp8_t8,1280,128
TOPO,deep_fast,split_projection_frag,1280,32
TOPO,c512_m32_mh,mh_qkv_normalize_frag_c512_m32,1920,32
TOPO,mh_fused,mh_attention_fused_fp8_out,640,128
TOPO,mh_fast,mh_attention_project_frag_c512,1280,32
TOPO,mh,mh_shift_pack,5120,256
TOPO,c512_m32_deep,split_mix_blocked_h16w_m32,640,32
TOPO,deep_fast,split_ffn_fused_fp8_t8,1280,128
TOPO,deep_fast,split_projection_frag,1280,32
TOPO,c512_m32_mh,mh_qkv_normalize_frag_c512_m32,1920,32
TOPO,mh_fused,mh_attention_fused_fp8_out,640,128
TOPO,mh_fast,mh_attention_project_frag_c512,1280,32
TOPO,mh,mh_shift_pack,5120,256
TOPO,c512_m32_deep,split_mix_blocked_h16w_m32,640,32
TOPO,deep_fast,split_ffn_fused_fp8_t8,1280,128
TOPO,deep_fast,split_projection_frag,1280,32
TOPO,c512_m32_mh,mh_qkv_normalize_frag_c512_m32,1920,32
TOPO,mh_fused,mh_attention_fused_fp8_out,640,128
TOPO,mh_fast,mh_attention_project_frag_c512,1280,32
TOPO,mh,mh_shift_pack,5120,256
TOPO,c512_m32_deep,split_mix_blocked_h16w_m32,640,32
TOPO,deep_fast,split_ffn_fused_fp8_t8,1280,128
TOPO,deep_fast,split_projection_frag,1280,32
TOPO,c512_m32_mh,mh_qkv_normalize_frag_c512_m32,1920,32
TOPO,mh_fused,mh_attention_fused_fp8_out,640,128
TOPO,mh_fast,mh_attention_project_frag_c512,1280,32
TOPO,mh,mh_shift_pack,5120,256
TOPO,c512_m32_deep,split_mix_blocked_h16w_m32,640,32
TOPO,deep_fast,split_ffn_fused_fp8_t8,1280,128
TOPO,deep_fast,split_projection_frag,1280,32
TOPO,c512_m32_mh,mh_qkv_normalize_frag_c512_m32,1920,32
TOPO,mh_fused,mh_attention_fused_fp8_out,640,128
TOPO,mh_fast,mh_attention_project_frag_c512,1280,32
TOPO,mh,mh_shift_pack,5120,256
TOPO,c512_m32_deep,split_mix_blocked_h16w_m32,640,32
TOPO,deep_fast,split_ffn_fused_fp8_t8,1280,128
TOPO,deep_fast,split_projection_frag,1280,32
TOPO,c512_m32_mh,mh_qkv_normalize_frag_c512_m32,1920,32
TOPO,mh_fused,mh_attention_fused_fp8_out,640,128
TOPO,mh_fast,mh_attention_project_frag_c512,1280,32
TOPO,mh,mh_shift_pack,5120,256
TOPO,c512_m32_deep,split_mix_blocked_h16w_m32,640,32
TOPO,deep_fast,split_ffn_fused_fp8_t8,1280,128
TOPO,deep_fast,split_projection_frag,1280,32
TOPO,c512_m32_mh,mh_qkv_normalize_frag_c512_m32,1920,32
TOPO,mh_fused,mh_attention_fused_fp8_out,640,128
TOPO,mh_fast,mh_attention_project_frag_c512,1280,32
TOPO,mh,mh_shift_pack,5120,256
TOPO,c512_m32_deep,split_mix_blocked_h16w_m32,640,32
TOPO,deep_fast,split_ffn_fused_fp8_t8,1280,128
TOPO,deep_fast,split_projection_frag,1280,32
TOPO,c512_m32_mh,mh_qkv_normalize_frag_c512_m32,1920,32
TOPO,mh_fused,mh_attention_fused_fp8_out,640,128
TOPO,mh_fast,mh_attention_project_frag_c512,1280,32
TOPO,mh,mh_pool,1280,256
TOPO,mh_fast,mh_pool_project_production_h16w,2560,32
TOPO,deep,vit_gather,2560,256
TOPO,deep_fast,vit_pack_input,640,256
TOPO,deep_fast,vit_expand_blocked_fp8_frag_bytein,2560,32
TOPO,vit_stream,vit_stream_contract_frag_hout,640,32
TOPO,vit_stream,vit_stream_qkv_frag_hin,3840,32
TOPO,deep_fast,vit_attention_fused_640_bytein_bout,1280,32
TOPO,vit_stream,vit_stream_project_n64_bh,640,32
TOPO,deep_fast,vit_pack_input,640,256
TOPO,deep_fast,vit_expand_blocked_fp8_frag_bytein,2560,32
TOPO,vit_stream,vit_stream_contract_frag_hout,640,32
TOPO,vit_stream,vit_stream_qkv_frag_hin,3840,32
TOPO,deep_fast,vit_attention_fused_640_bytein_bout,1280,32
TOPO,vit_stream,vit_stream_project_n64_bh,640,32
TOPO,deep_fast,vit_pack_input,640,256
TOPO,deep_fast,vit_expand_blocked_fp8_frag_bytein,2560,32
TOPO,vit_stream,vit_stream_contract_frag_hout,640,32
TOPO,vit_stream,vit_stream_qkv_frag_hin,3840,32
TOPO,deep_fast,vit_attention_fused_640_bytein_bout,1280,32
TOPO,vit_stream,vit_stream_project_n64_bh,640,32
TOPO,deep_fast,vit_pack_input,640,256
TOPO,deep_fast,vit_expand_blocked_fp8_frag_bytein,2560,32
TOPO,vit_stream,vit_stream_contract_frag_hout,640,32
TOPO,vit_stream,vit_stream_qkv_frag_hin,3840,32
TOPO,deep_fast,vit_attention_fused_640_bytein_bout,1280,32
TOPO,vit_stream,vit_stream_project_n64_bh,640,32
TOPO,deep_fast,vit_pack_input,640,256
TOPO,deep_fast,vit_expand_blocked_fp8_frag_bytein,2560,32
TOPO,vit_stream,vit_stream_contract_frag_hout,640,32
TOPO,vit_stream,vit_stream_qkv_frag_hin,3840,32
TOPO,deep_fast,vit_attention_fused_640_bytein_bout,1280,32
TOPO,vit_stream,vit_stream_project_n64_bh,640,32
TOPO,deep_fast,vit_pack_input,640,256
TOPO,deep_fast,vit_expand_blocked_fp8_frag_bytein,2560,32
TOPO,vit_stream,vit_stream_contract_frag_hout,640,32
TOPO,vit_stream,vit_stream_qkv_frag_hin,3840,32
TOPO,deep_fast,vit_attention_fused_640_bytein_bout,1280,32
TOPO,vit_stream,vit_stream_project_n64_bh,640,32
TOPO,deep_fast,vit_pack_input,640,256
TOPO,deep_fast,vit_expand_blocked_fp8_frag_bytein,2560,32
TOPO,vit_stream,vit_stream_contract_frag_hout,640,32
TOPO,vit_stream,vit_stream_qkv_frag_hin,3840,32
TOPO,deep_fast,vit_attention_fused_640_bytein_bout,1280,32
TOPO,vit_stream,vit_stream_project_n64_bh,640,32
TOPO,deep_fast,vit_pack_input,640,256
TOPO,deep_fast,vit_expand_blocked_fp8_frag_bytein,2560,32
TOPO,vit_stream,vit_stream_contract_frag_hout,640,32
TOPO,vit_stream,vit_stream_qkv_frag_hin,3840,32
TOPO,deep_fast,vit_attention_fused_640_bytein_bout,1280,32
TOPO,vit_stream,vit_stream_project_n64_bh,640,32
TOPO,deep,vit_gather,2560,256
TOPO,deep_fast,decoder_project2x_h16w,1280,32
TOPO,mh,mh_shift_pack,5120,256
TOPO,c512_m32_deep,split_mix_blocked_h16w_m32,640,32
TOPO,deep_fast,split_ffn_fused_fp8_t8,1280,128
TOPO,deep_fast,split_projection_frag,1280,32
TOPO,c512_m32_mh,mh_qkv_normalize_frag_c512_m32,1920,32
TOPO,mh_fused,mh_attention_fused_fp8_out,640,128
TOPO,mh_fast,mh_attention_project_frag_c512,1280,32
TOPO,mh,mh_shift_pack,5120,256
TOPO,c512_m32_deep,split_mix_blocked_h16w_m32,640,32
TOPO,deep_fast,split_ffn_fused_fp8_t8,1280,128
TOPO,deep_fast,split_projection_frag,1280,32
TOPO,c512_m32_mh,mh_qkv_normalize_frag_c512_m32,1920,32
TOPO,mh_fused,mh_attention_fused_fp8_out,640,128
TOPO,mh_fast,mh_attention_project_frag_c512,1280,32
TOPO,mh,mh_shift_pack,5120,256
TOPO,c512_m32_deep,split_mix_blocked_h16w_m32,640,32
TOPO,deep_fast,split_ffn_fused_fp8_t8,1280,128
TOPO,deep_fast,split_projection_frag,1280,32
TOPO,c512_m32_mh,mh_qkv_normalize_frag_c512_m32,1920,32
TOPO,mh_fused,mh_attention_fused_fp8_out,640,128
TOPO,mh_fast,mh_attention_project_frag_c512,1280,32
TOPO,mh,mh_shift_pack,5120,256
TOPO,c512_m32_deep,split_mix_blocked_h16w_m32,640,32
TOPO,deep_fast,split_ffn_fused_fp8_t8,1280,128
TOPO,deep_fast,split_projection_frag,1280,32
TOPO,c512_m32_mh,mh_qkv_normalize_frag_c512_m32,1920,32
TOPO,mh_fused,mh_attention_fused_fp8_out,640,128
TOPO,mh_fast,mh_attention_project_frag_c512,1280,32
TOPO,mh,mh_shift_pack,5120,256
TOPO,c512_m32_deep,split_mix_blocked_h16w_m32,640,32
TOPO,deep_fast,split_ffn_fused_fp8_t8,1280,128
TOPO,deep_fast,split_projection_frag,1280,32
TOPO,c512_m32_mh,mh_qkv_normalize_frag_c512_m32,1920,32
TOPO,mh_fused,mh_attention_fused_fp8_out,640,128
TOPO,mh_fast,mh_attention_project_frag_c512,1280,32
TOPO,deep_fast,decoder_project2x_h16w_byteout,2160,32
TOPO,c64_wave2,c256_wave2_bi_bo,135,256
TOPO,c64_wave2,c256_wave2_bi_bo,160,256
TOPO,c64_wave2,c256_wave2_bi_bo,144,256
TOPO,c64_wave2,c256_wave2_bi_bo,150,256
TOPO,c64_wave2,c256_wave2_bi_bo,135,256
TOPO,c64_wave2,c256_wave2_bi_bo,160,256
TOPO,c64_wave2,c256_wave2_bi_bo,144,256
TOPO,c64_wave2,c256_wave2_bi,150,256
TOPO,deep_fast,decoder_project2x_h16w_byteout,4320,32
TOPO,c64_wave2,c128_wave2_bi_bo,558,128
TOPO,c64_wave2,c128_wave2_bi_bo,570,128
TOPO,c64_wave2,c128_wave2_bi_bo,540,128
TOPO,c64_wave2,c128_wave2_bi_bo,589,128
TOPO,c64_wave2,c128_wave2_bi_bo,558,128
TOPO,c64_wave2,c128_wave2_bi,570,128
TOPO,deep_fast,decoder_project2x_h16w_byteout,8640,32
TOPO,c64_wave2,c64_wave2_bi_bo,2160,64
TOPO,c64_wave2,c64_wave2_bi_bo,2257,64
TOPO,c64_wave2,c64_wave2_bi_bo,2196,64
TOPO,c64_wave2,c64_wave2_bi,2220,64
TOPO,deep_fast,decoder_project2x_h16w,17280,32
TOPO,c32_wave1,c32_wave1_mapped,8640,32
TOPO,c32_wave1,c32_wave1_chain,8833,32
TOPO,c32_wave1,c32_wave1_chain,8712,32
TOPO,c32_wave1,c32_wave1_finish,8760,32
TOPO,c32_wave1,c32_wave1_post,34945,32
