kernel_now,kernel_morning,calls_now,us_now,calls_morning,us_morning,delta_us
sp_run256_w16(est),sp_run256_init_run_recover_est,2,635.9,2,649.9,-14.0
c512_qkv_attention_compact,c512_qkv_attention_compact,13,614.9,13,601.7,+13.2
c32_wave1_prefix_b8d,c32_wave1_prefix,1,593.5,1,654.9,-61.4
c32_wave1_post_b8,c32_wave1_post,1,587.7,1,603.6,-15.9
c32_wave1_chain,c32_wave1_chain,4,482.9,4,497.5,-14.6
c128_wave2_bi_bo,c128_wave2_bi_bo,8,473.3,8,467.6,+5.7
c64_wave2_bi_bo,c64_wave2_bi_bo,4,327.6,4,330.9,-3.3
mh_attention_project_frag_c512,mh_attention_project_frag_c512,13,218.0,13,214.4,+3.6
c64_wave2_bi,c64_wave2_bi,2,209.3,2,210.9,-1.6
vit_stream_qkv_frag_hin_w5,vit_stream_qkv_frag_hin_w5,8,203.6,8,212.6,-9.0
vit_stream_contract_frag_hout,vit_stream_contract_frag_hout,8,197.9,8,197.3,+0.6
split_mix_blocked_h16w_m32,split_mix_blocked_h16w_m32,13,190.0,13,209.4,-19.4
split_ffn_fused_fp8_t8,split_ffn_fused_fp8_t8,13,184.1,13,187.8,-3.7
vit_expand_blocked_fp8_frag_bytein,vit_expand_blocked_fp8_frag_bytein,8,173.7,8,173.7,-0.0
c32_wave1_up_b8,c32_wave1_up,1,148.1,1,187.8,-39.7
mh_ffn_fused_c256_frag_project_mapped_g128_qkv_bytein_fb_pdl,mh_ffn_fused_c256_frag_project_mapped_g128_qkv_bytein_fb_pdl,3,145.3,3,144.4,+0.9
c128_wave2_bi,c128_wave2_bi,2,139.9,2,141.7,-1.8
c32_wave1_finish_dcrop_b8d,c32_wave1_finish_dcrop,1,126.7,1,156.2,-29.5
c32_wave1_finish_b8,c32_wave1_finish,1,120.1,1,141.7,-21.6
c32_wave1_mapped_b8,c32_wave1_mapped,1,119.6,1,121.1,-1.5
vit_attention_fused_400_bytein_bout,vit_attention_fused_400_bytein_bout,8,117.6,8,117.2,+0.4
split_projection_frag,split_projection_frag,13,116.4,13,127.1,-10.7
c64_wave2_up,c64_wave2_up,1,116.1,1,118.9,-2.8
c64_wave2_bo,c64_wave2_bo,1,83.7,1,84.6,-0.9
c128_wave2_up,c128_wave2_up,1,83.2,1,83.2,-0.0
vit_stream_project_n64_bh,vit_stream_project_n64_bh,8,71.1,8,71.9,-0.8
c256_attn_wave,c256_attn_wave,2,64.6,2,67.0,-2.4
c128_wave2_bo,c128_wave2_bo,1,59.5,1,59.4,+0.1
mh_ffn_fused_c256_frag_project_mapped_g128_qkv_fb_pdl,mh_ffn_fused_c256_frag_project_mapped_g128_qkv_fb_pdl,1,51.2,1,51.5,-0.3
c256_attn_wave_bo,c256_attn_wave_bo,2,37.1,2,37.0,+0.1
mh_pool_project_group_c64,mh_pool_project_group_c64,1,36.0,1,34.4,+1.6
decoder_project2x_h16w_byteout,decoder_project2x_h16w_byteout,1,35.1,1,35.2,-0.1
vit_pack_input,vit_pack_input,8,25.6,8,23.8,+1.8
mh_pool_project_group_c128,mh_pool_project_group_c128,1,22.1,1,22.1,+0.0
mh_pool_project_group_c512,mh_pool_project_group_c512,1,20.0,1,18.8,+1.2
decoder_project2x_h16w,decoder_project2x_h16w,1,19.7,1,19.7,-0.0
mh_pool_project_c32_b8,,1,17.9,0,0.0,+17.9
mh_pool_project_group_c256,mh_pool_project_group_c256,1,16.7,1,16.1,+0.6
vit_gather,vit_gather,2,8.9,2,9.0,-0.1
,mh_shift_pack,0,0.0,13,128.7,-128.7
,mh_pool_project_production_h16w,0,0.0,1,27.8,-27.8
