frame,gpu_ms,cpu_ms,stage_ms,pdl_calls,pacing_cpu_us,query_code
0,8.6767,8.98,-1,0,0,-1
1,8.79548,9.001,-1,0,0,-1
2,8.89402,9.007,-1,0,0,-1
3,8.85346,8.998,-1,0,0,-1
4,8.94348,9.067,-1,0,0,-1
5,8.87892,9.006,-1,0,0,-1
6,8.81368,8.953,-1,0,0,-1
7,8.92286,9.042,-1,0,0,-1
8,8.90914,9.097,-1,0,0,-1
9,8.75212,8.962,-1,0,0,-1
10,8.83166,8.991,-1,0,0,-1
11,8.95376,9.11,-1,0,0,-1
12,8.853,9.036,-1,0,0,-1
13,8.855,8.963,-1,0,0,-1
14,8.86374,8.986,-1,0,0,-1
15,8.92792,9.036,-1,0,0,-1
16,8.92966,9.085,-1,0,0,-1
17,8.79104,8.964,-1,0,0,-1
18,8.86744,8.988,-1,0,0,-1
19,8.87406,9.082,-1,0,0,-1
20,8.83792,8.97,-1,0,0,-1
21,8.98654,9.136,-1,0,0,-1
22,8.85148,9.011,-1,0,0,-1
23,8.79788,8.97,-1,0,0,-1
24,8.84036,9.019,-1,0,0,-1
25,8.85428,9,-1,0,0,-1
26,8.86062,8.989,-1,0,0,-1
27,8.91082,9.029,-1,0,0,-1
28,8.89374,9.015,-1,0,0,-1
29,8.88414,9.112,-1,0,0,-1
30,8.82262,8.974,-1,0,0,-1
31,8.87146,9.087,-1,0,0,-1
32,8.9454,9.157,-1,0,0,-1
33,8.91946,9.077,-1,0,0,-1
34,8.89684,9.102,-1,0,0,-1
35,8.85204,9.008,-1,0,0,-1
36,8.90186,9.059,-1,0,0,-1
37,8.88142,9.027,-1,0,0,-1
38,8.8836,9.041,-1,0,0,-1
39,8.90744,9.042,-1,0,0,-1
40,8.91516,9.033,-1,0,0,-1
41,8.907,9.045,-1,0,0,-1
42,8.84456,9.021,-1,0,0,-1
43,8.96148,9.099,-1,0,0,-1
44,8.85718,9.058,-1,0,0,-1
45,8.9366,9.076,-1,0,0,-1
46,8.85994,9.106,-1,0,0,-1
47,8.83876,9.044,-1,0,0,-1
48,8.84922,8.992,-1,0,0,-1
49,8.9814,9.085,-1,0,0,-1
50,8.9044,9.077,-1,0,0,-1
51,8.84084,8.978,-1,0,0,-1
52,8.84718,9.014,-1,0,0,-1
53,8.9494,9.134,-1,0,0,-1
54,8.76878,9.014,-1,0,0,-1
55,8.87168,9.003,-1,0,0,-1
56,8.8548,8.971,-1,0,0,-1
57,8.92114,9.069,-1,0,0,-1
58,8.91822,9.197,-1,0,0,-1
59,8.96906,9.199,-1,0,0,-1
60,8.9206,9.147,-1,0,0,-1
61,8.92674,9.095,-1,0,0,-1
62,8.90454,9.017,-1,0,0,-1
63,9.008,9.162,-1,0,0,-1
64,8.89978,9.103,-1,0,0,-1
65,8.97562,9.095,-1,0,0,-1
66,8.89022,8.989,-1,0,0,-1
67,8.82824,8.967,-1,0,0,-1
68,8.88622,8.993,-1,0,0,-1
69,8.88508,9.098,-1,0,0,-1
70,8.86388,9.001,-1,0,0,-1
71,9.02196,9.164,-1,0,0,-1
72,8.80736,9.19,-1,0,0,-1
73,8.86604,9.098,-1,0,0,-1
74,8.89608,9.147,-1,0,0,-1
75,9.00488,9.266,-1,0,0,-1
76,8.9015,9.138,-1,0,0,-1
77,8.83338,9.168,-1,0,0,-1
78,8.95306,9.216,-1,0,0,-1
79,8.79344,9.192,-1,0,0,-1
80,9.11784,9.33,-1,0,0,-1
81,9.11386,9.301,-1,0,0,-1
82,8.873,9.14,-1,0,0,-1
83,9.02158,9.299,-1,0,0,-1
84,8.95948,9.234,-1,0,0,-1
85,8.98096,9.221,-1,0,0,-1
86,8.95444,9.183,-1,0,0,-1
87,8.94412,9.234,-1,0,0,-1
88,8.95552,9.179,-1,0,0,-1
89,8.85648,9.126,-1,0,0,-1
90,9.21008,9.344,-1,0,0,-1
91,8.8391,9.1,-1,0,0,-1
92,9.0733,9.297,-1,0,0,-1
93,8.97618,9.226,-1,0,0,-1
94,9.06896,9.335,-1,0,0,-1
95,8.8657,9.125,-1,0,0,-1
96,8.97246,9.164,-1,0,0,-1
97,8.96544,9.168,-1,0,0,-1
98,8.92078,9.164,-1,0,0,-1
99,8.94284,9.197,-1,0,0,-1
100,8.90738,9.094,-1,0,0,-1
101,8.93616,9.186,-1,0,0,-1
102,8.93322,9.232,-1,0,0,-1
103,8.96788,9.21,-1,0,0,-1
104,8.91632,9.159,-1,0,0,-1
105,9.0055,9.192,-1,0,0,-1
106,8.88556,9.158,-1,0,0,-1
107,8.91954,9.157,-1,0,0,-1
108,8.82614,9.082,-1,0,0,-1
109,9.00804,9.244,-1,0,0,-1
110,8.9357,9.127,-1,0,0,-1
111,8.91378,9.117,-1,0,0,-1
112,8.97134,9.168,-1,0,0,-1
113,8.9103,9.097,-1,0,0,-1
114,9.01414,9.233,-1,0,0,-1
115,8.91498,9.198,-1,0,0,-1
116,9.02726,9.258,-1,0,0,-1
117,8.8215,9.276,-1,0,0,-1
118,8.88126,9.208,-1,0,0,-1
119,9.01886,9.294,-1,0,0,-1
120,8.79126,9.063,-1,0,0,-1
121,9.04206,9.24,-1,0,0,-1
122,8.91362,9.156,-1,0,0,-1
123,8.9535,9.176,-1,0,0,-1
124,8.80278,9.234,-1,0,0,-1
125,8.9183,9.159,-1,0,0,-1
126,8.8637,9.262,-1,0,0,-1
127,8.92522,9.195,-1,0,0,-1
128,8.8117,9.209,-1,0,0,-1
129,8.801,9.129,-1,0,0,-1
130,8.96858,9.181,-1,0,0,-1
131,8.99428,9.263,-1,0,0,-1
132,9.01032,9.194,-1,0,0,-1
133,8.93996,9.21,-1,0,0,-1
134,8.98054,9.247,-1,0,0,-1
135,8.96064,9.196,-1,0,0,-1
136,8.99966,9.25,-1,0,0,-1
137,8.9864,9.209,-1,0,0,-1
138,8.89186,9.189,-1,0,0,-1
139,8.9685,9.212,-1,0,0,-1
140,8.842,9.098,-1,0,0,-1
141,9.02778,9.23,-1,0,0,-1
142,8.98632,9.223,-1,0,0,-1
143,8.9552,9.217,-1,0,0,-1
144,8.94978,9.241,-1,0,0,-1
145,8.84518,9.079,-1,0,0,-1
146,8.98732,9.21,-1,0,0,-1
147,8.88674,9.08,-1,0,0,-1
148,8.91042,9.129,-1,0,0,-1
149,8.9006,9.161,-1,0,0,-1
150,9.04232,9.261,-1,0,0,-1
151,8.70164,9.03,-1,0,0,-1
152,8.94138,9.124,-1,0,0,-1
153,8.92688,9.156,-1,0,0,-1
154,8.96212,9.16,-1,0,0,-1
155,8.92954,9.136,-1,0,0,-1
156,8.82452,9.064,-1,0,0,-1
157,8.91838,9.109,-1,0,0,-1
158,9.02054,9.223,-1,0,0,-1
159,8.86498,9.134,-1,0,0,-1
