"set_batch","tag","frames","mean_ms","sha256"
"runtime-regression-P-correct","900-static-False","12","11.1145454545455","75AABA5EF94368353F3F17C034B53918151AA2EBC98FF870B2A057D08AE910AB"
"runtime-regression-P-correct","900-static-True","12","12.3820909090909","75AABA5EF94368353F3F17C034B53918151AA2EBC98FF870B2A057D08AE910AB"
"runtime-regression-P-correct","900-motion-False","12","12.8570909090909","5104F039569FE20C0EDCAB1FB68D56DB041406F3DDB38FC49DD2DD1D1EC636D1"
"runtime-regression-P-correct","900-motion-True","12","11.7273636363636","5104F039569FE20C0EDCAB1FB68D56DB041406F3DDB38FC49DD2DD1D1EC636D1"
"runtime-regression-P-correct","1080-static-False","12","16.0696363636364","1DE20C219105CC281CBA1364A0A21D0DDC4510A95458EC0CA3B8C893EA54F23A"
"runtime-regression-P-correct","1080-static-True","12","15.1814545454545","1DE20C219105CC281CBA1364A0A21D0DDC4510A95458EC0CA3B8C893EA54F23A"
"runtime-regression-P-correct","1080-motion-False","12","15.6571818181818","3D1B0382BD68F589EF9E7498380B0C9FE63C7A2F41CEA252BEDD216973A17E21"
"runtime-regression-P-correct","1080-motion-True","12","16.1041818181818","3D1B0382BD68F589EF9E7498380B0C9FE63C7A2F41CEA252BEDD216973A17E21"
"runtime-regression-P-correct","720-motion-False","12","11.1537272727273","9B53BE7A73C0D397DC56BF5810778E69D123BFD81C48FCDBCB642526361A5F53"
"runtime-regression-P-correct","720-motion-True","12","7.63681818181818","9B53BE7A73C0D397DC56BF5810778E69D123BFD81C48FCDBCB642526361A5F53"
"runtime-regression-P-correct","900-history-False","12","11.8303636363636","5F2D6F1AD1EA8B295A52A95AC2C9BFC9E056D613E6FD889E2A2060FB36085CED"
"runtime-regression-P-correct","900-history-True","12","12.3875454545455","5F2D6F1AD1EA8B295A52A95AC2C9BFC9E056D613E6FD889E2A2060FB36085CED"
"runtime-regression-P-correct","1080-history-False","12","16.535","28D370EC05EDABA2E99B32891F7CDF670F0084D46A239A43F410B232BE97D506"
"runtime-regression-P-correct","1080-history-True","12","16.3683636363636","28D370EC05EDABA2E99B32891F7CDF670F0084D46A239A43F410B232BE97D506"
"runtime-regression-P-r1","time-900-0","1000","9.27421","75AABA5EF94368353F3F17C034B53918151AA2EBC98FF870B2A057D08AE910AB"
"runtime-regression-P-r1","time-900-1","1000","9.30783749999999","75AABA5EF94368353F3F17C034B53918151AA2EBC98FF870B2A057D08AE910AB"
"runtime-regression-P-r1","time-900-2","1000","9.32046125000001","75AABA5EF94368353F3F17C034B53918151AA2EBC98FF870B2A057D08AE910AB"
"runtime-regression-P-r1","time-900-3","1000","9.34339875","75AABA5EF94368353F3F17C034B53918151AA2EBC98FF870B2A057D08AE910AB"
"runtime-regression-P-r1","time-1080-0","1000","12.88864875","1DE20C219105CC281CBA1364A0A21D0DDC4510A95458EC0CA3B8C893EA54F23A"
"runtime-regression-P-r1","time-1080-1","1000","12.93995625","1DE20C219105CC281CBA1364A0A21D0DDC4510A95458EC0CA3B8C893EA54F23A"
"runtime-regression-P-r1","time-1080-2","1000","12.95087","1DE20C219105CC281CBA1364A0A21D0DDC4510A95458EC0CA3B8C893EA54F23A"
"runtime-regression-P-r1","time-1080-3","1000","12.93448375","1DE20C219105CC281CBA1364A0A21D0DDC4510A95458EC0CA3B8C893EA54F23A"
"runtime-regression-P-r2","time-900-0","1000","9.450485","75AABA5EF94368353F3F17C034B53918151AA2EBC98FF870B2A057D08AE910AB"
"runtime-regression-P-r2","time-900-1","1000","9.424775","75AABA5EF94368353F3F17C034B53918151AA2EBC98FF870B2A057D08AE910AB"
"runtime-regression-P-r2","time-900-2","1000","9.45088500000001","75AABA5EF94368353F3F17C034B53918151AA2EBC98FF870B2A057D08AE910AB"
"runtime-regression-P-r2","time-900-3","1000","9.45135125","75AABA5EF94368353F3F17C034B53918151AA2EBC98FF870B2A057D08AE910AB"
"runtime-regression-P-r2","time-1080-0","1000","12.9520275","1DE20C219105CC281CBA1364A0A21D0DDC4510A95458EC0CA3B8C893EA54F23A"
"runtime-regression-P-r2","time-1080-1","1000","12.99102625","1DE20C219105CC281CBA1364A0A21D0DDC4510A95458EC0CA3B8C893EA54F23A"
"runtime-regression-P-r2","time-1080-2","1000","13.0227675","1DE20C219105CC281CBA1364A0A21D0DDC4510A95458EC0CA3B8C893EA54F23A"
"runtime-regression-P-r2","time-1080-3","1000","13.016175","1DE20C219105CC281CBA1364A0A21D0DDC4510A95458EC0CA3B8C893EA54F23A"
"runtime-regression-Q-correct","900-static-False","12","12.6173636363636","75AABA5EF94368353F3F17C034B53918151AA2EBC98FF870B2A057D08AE910AB"
"runtime-regression-Q-correct","900-static-True","12","10.9626363636364","75AABA5EF94368353F3F17C034B53918151AA2EBC98FF870B2A057D08AE910AB"
"runtime-regression-Q-correct","900-motion-False","12","13.002","5104F039569FE20C0EDCAB1FB68D56DB041406F3DDB38FC49DD2DD1D1EC636D1"
"runtime-regression-Q-correct","900-motion-True","12","12.5317272727273","5104F039569FE20C0EDCAB1FB68D56DB041406F3DDB38FC49DD2DD1D1EC636D1"
"runtime-regression-Q-correct","1080-static-False","12","16.6849090909091","1DE20C219105CC281CBA1364A0A21D0DDC4510A95458EC0CA3B8C893EA54F23A"
"runtime-regression-Q-correct","1080-static-True","12","14.8645454545455","1DE20C219105CC281CBA1364A0A21D0DDC4510A95458EC0CA3B8C893EA54F23A"
"runtime-regression-Q-correct","1080-motion-False","12","15.2236363636364","3D1B0382BD68F589EF9E7498380B0C9FE63C7A2F41CEA252BEDD216973A17E21"
"runtime-regression-Q-correct","1080-motion-True","12","15.8324545454545","3D1B0382BD68F589EF9E7498380B0C9FE63C7A2F41CEA252BEDD216973A17E21"
"runtime-regression-Q-correct","720-motion-False","12","9.50963636363636","9B53BE7A73C0D397DC56BF5810778E69D123BFD81C48FCDBCB642526361A5F53"
"runtime-regression-Q-correct","720-motion-True","12","8.55781818181818","9B53BE7A73C0D397DC56BF5810778E69D123BFD81C48FCDBCB642526361A5F53"
"runtime-regression-Q-correct","900-history-False","12","12.7928181818182","5F2D6F1AD1EA8B295A52A95AC2C9BFC9E056D613E6FD889E2A2060FB36085CED"
"runtime-regression-Q-correct","900-history-True","12","12.4499090909091","5F2D6F1AD1EA8B295A52A95AC2C9BFC9E056D613E6FD889E2A2060FB36085CED"
"runtime-regression-Q-correct","1080-history-False","12","17.3582727272727","28D370EC05EDABA2E99B32891F7CDF670F0084D46A239A43F410B232BE97D506"
"runtime-regression-Q-correct","1080-history-True","12","16.1814545454545","28D370EC05EDABA2E99B32891F7CDF670F0084D46A239A43F410B232BE97D506"
"runtime-regression-Q-r1","time-900-0","1000","9.261795","75AABA5EF94368353F3F17C034B53918151AA2EBC98FF870B2A057D08AE910AB"
"runtime-regression-Q-r1","time-900-1","1000","9.29580374999999","75AABA5EF94368353F3F17C034B53918151AA2EBC98FF870B2A057D08AE910AB"
"runtime-regression-Q-r1","time-900-2","1000","9.33084","75AABA5EF94368353F3F17C034B53918151AA2EBC98FF870B2A057D08AE910AB"
"runtime-regression-Q-r1","time-900-3","1000","9.37383375","75AABA5EF94368353F3F17C034B53918151AA2EBC98FF870B2A057D08AE910AB"
"runtime-regression-Q-r1","time-1080-0","1000","12.92627875","1DE20C219105CC281CBA1364A0A21D0DDC4510A95458EC0CA3B8C893EA54F23A"
"runtime-regression-Q-r1","time-1080-1","1000","12.9356875","1DE20C219105CC281CBA1364A0A21D0DDC4510A95458EC0CA3B8C893EA54F23A"
"runtime-regression-Q-r1","time-1080-2","1000","12.9417625","1DE20C219105CC281CBA1364A0A21D0DDC4510A95458EC0CA3B8C893EA54F23A"
"runtime-regression-Q-r1","time-1080-3","1000","12.96010625","1DE20C219105CC281CBA1364A0A21D0DDC4510A95458EC0CA3B8C893EA54F23A"
"runtime-regression-Q-r2","time-900-0","1000","9.42238","75AABA5EF94368353F3F17C034B53918151AA2EBC98FF870B2A057D08AE910AB"
"runtime-regression-Q-r2","time-900-1","1000","9.4116275","75AABA5EF94368353F3F17C034B53918151AA2EBC98FF870B2A057D08AE910AB"
"runtime-regression-Q-r2","time-900-2","1000","9.4145025","75AABA5EF94368353F3F17C034B53918151AA2EBC98FF870B2A057D08AE910AB"
"runtime-regression-Q-r2","time-900-3","1000","9.41960625000001","75AABA5EF94368353F3F17C034B53918151AA2EBC98FF870B2A057D08AE910AB"
"runtime-regression-Q-r2","time-1080-0","1000","12.969585","1DE20C219105CC281CBA1364A0A21D0DDC4510A95458EC0CA3B8C893EA54F23A"
"runtime-regression-Q-r2","time-1080-1","1000","12.97515375","1DE20C219105CC281CBA1364A0A21D0DDC4510A95458EC0CA3B8C893EA54F23A"
"runtime-regression-Q-r2","time-1080-2","1000","12.9788675","1DE20C219105CC281CBA1364A0A21D0DDC4510A95458EC0CA3B8C893EA54F23A"
"runtime-regression-Q-r2","time-1080-3","1000","12.993955","1DE20C219105CC281CBA1364A0A21D0DDC4510A95458EC0CA3B8C893EA54F23A"
"runtime-regression-F-correct","900-static-False","12","12.903","75AABA5EF94368353F3F17C034B53918151AA2EBC98FF870B2A057D08AE910AB"
"runtime-regression-F-correct","900-static-True","12","10.9513636363636","75AABA5EF94368353F3F17C034B53918151AA2EBC98FF870B2A057D08AE910AB"
"runtime-regression-F-correct","900-motion-False","12","12.0246363636364","5104F039569FE20C0EDCAB1FB68D56DB041406F3DDB38FC49DD2DD1D1EC636D1"
"runtime-regression-F-correct","900-motion-True","12","11.9456363636364","5104F039569FE20C0EDCAB1FB68D56DB041406F3DDB38FC49DD2DD1D1EC636D1"
"runtime-regression-F-correct","1080-static-False","12","15.6145454545455","1DE20C219105CC281CBA1364A0A21D0DDC4510A95458EC0CA3B8C893EA54F23A"
"runtime-regression-F-correct","1080-static-True","12","14.8673636363636","1DE20C219105CC281CBA1364A0A21D0DDC4510A95458EC0CA3B8C893EA54F23A"
"runtime-regression-F-correct","1080-motion-False","12","16.5683636363636","3D1B0382BD68F589EF9E7498380B0C9FE63C7A2F41CEA252BEDD216973A17E21"
"runtime-regression-F-correct","1080-motion-True","12","15.6080909090909","3D1B0382BD68F589EF9E7498380B0C9FE63C7A2F41CEA252BEDD216973A17E21"
"runtime-regression-F-correct","720-motion-False","12","12.8401818181818","9B53BE7A73C0D397DC56BF5810778E69D123BFD81C48FCDBCB642526361A5F53"
"runtime-regression-F-correct","720-motion-True","12","10.4187272727273","9B53BE7A73C0D397DC56BF5810778E69D123BFD81C48FCDBCB642526361A5F53"
"runtime-regression-F-correct","900-history-False","12","11.6811818181818","5F2D6F1AD1EA8B295A52A95AC2C9BFC9E056D613E6FD889E2A2060FB36085CED"
"runtime-regression-F-correct","900-history-True","12","12.1336363636364","5F2D6F1AD1EA8B295A52A95AC2C9BFC9E056D613E6FD889E2A2060FB36085CED"
"runtime-regression-F-correct","1080-history-False","12","17.1150909090909","28D370EC05EDABA2E99B32891F7CDF670F0084D46A239A43F410B232BE97D506"
"runtime-regression-F-correct","1080-history-True","12","16.1973636363636","28D370EC05EDABA2E99B32891F7CDF670F0084D46A239A43F410B232BE97D506"
"runtime-regression-F-r1","time-900-0","1000","9.26942375","75AABA5EF94368353F3F17C034B53918151AA2EBC98FF870B2A057D08AE910AB"
"runtime-regression-F-r1","time-900-1","1000","9.28217125000001","75AABA5EF94368353F3F17C034B53918151AA2EBC98FF870B2A057D08AE910AB"
"runtime-regression-F-r1","time-900-2","1000","9.32639125","75AABA5EF94368353F3F17C034B53918151AA2EBC98FF870B2A057D08AE910AB"
"runtime-regression-F-r1","time-900-3","1000","9.38091875","75AABA5EF94368353F3F17C034B53918151AA2EBC98FF870B2A057D08AE910AB"
"runtime-regression-F-r1","time-1080-0","1000","12.9247075","1DE20C219105CC281CBA1364A0A21D0DDC4510A95458EC0CA3B8C893EA54F23A"
"runtime-regression-F-r1","time-1080-1","1000","12.90787375","1DE20C219105CC281CBA1364A0A21D0DDC4510A95458EC0CA3B8C893EA54F23A"
"runtime-regression-F-r1","time-1080-2","1000","12.91844125","1DE20C219105CC281CBA1364A0A21D0DDC4510A95458EC0CA3B8C893EA54F23A"
"runtime-regression-F-r1","time-1080-3","1000","12.969455","1DE20C219105CC281CBA1364A0A21D0DDC4510A95458EC0CA3B8C893EA54F23A"
"runtime-regression-F-r2","time-900-0","1000","9.43583375","75AABA5EF94368353F3F17C034B53918151AA2EBC98FF870B2A057D08AE910AB"
"runtime-regression-F-r2","time-900-1","1000","9.41318749999999","75AABA5EF94368353F3F17C034B53918151AA2EBC98FF870B2A057D08AE910AB"
"runtime-regression-F-r2","time-900-2","1000","9.40153999999999","75AABA5EF94368353F3F17C034B53918151AA2EBC98FF870B2A057D08AE910AB"
"runtime-regression-F-r2","time-900-3","1000","9.42513499999999","75AABA5EF94368353F3F17C034B53918151AA2EBC98FF870B2A057D08AE910AB"
"runtime-regression-F-r2","time-1080-0","1000","12.965715","1DE20C219105CC281CBA1364A0A21D0DDC4510A95458EC0CA3B8C893EA54F23A"
"runtime-regression-F-r2","time-1080-1","1000","12.94660625","1DE20C219105CC281CBA1364A0A21D0DDC4510A95458EC0CA3B8C893EA54F23A"
"runtime-regression-F-r2","time-1080-2","1000","12.966465","1DE20C219105CC281CBA1364A0A21D0DDC4510A95458EC0CA3B8C893EA54F23A"
"runtime-regression-F-r2","time-1080-3","1000","13.0177725","1DE20C219105CC281CBA1364A0A21D0DDC4510A95458EC0CA3B8C893EA54F23A"
