route,seed_mode,frame,width,valid_h,proc_h,reset,mv_valid,use_history,seed,background_Y,object_Y,nonfinite,diagnostic_wall_ms,baseline_byte_diff
0,0,0,512,512,512,1,1,0,0,0.301365,0.56876,0,2053.47,0
0,0,1,512,512,512,0,1,0,0,0.301365,0.56876,0,3.34,0
0,0,2,512,512,512,0,1,0,0,0.301081,0.572011,0,2.426,0
0,0,3,512,512,512,0,1,0,0,0.301227,0.573076,0,2.394,0
0,0,4,512,512,512,1,1,0,0,0.301227,0.573076,0,2.414,0
0,0,5,512,512,512,0,0,0,0,0.301156,0.569504,0,2.888,0
0,0,6,640,360,384,1,1,0,0,0.315017,0.579326,0,1314.24,0
0,0,7,640,360,384,0,1,0,0,0.31463,0.574561,0,3.229,0
1,0,0,512,512,512,1,1,0,0,0.301365,0.56876,0,1305.28,0
1,0,1,512,512,512,0,1,1,0,0.300549,0.554068,0,3.488,0
1,0,2,512,512,512,0,1,1,0,0.300068,0.547071,0,2.625,0
1,0,3,512,512,512,0,1,1,0,0.300207,0.543308,0,2.579,0
1,0,4,512,512,512,1,1,0,0,0.301164,0.568649,0,3.398,0
1,0,5,512,512,512,0,0,0,0,0.301133,0.562454,0,2.309,0
1,0,6,640,360,384,1,1,0,0,0.315017,0.579326,0,1321.19,0
1,0,7,640,360,384,0,1,1,0,0.314724,0.567738,0,3.474,0
2,0,0,512,512,512,1,1,0,0,0.301365,0.56876,0,1322.38,0
2,0,1,512,512,512,0,1,1,0,0.300565,0.56046,0,3.993,0
2,0,2,512,512,512,0,1,1,0,0.300289,0.555415,0,3.076,0
2,0,3,512,512,512,0,1,1,0,0.300091,0.551748,0,3.059,0
2,0,4,512,512,512,1,1,0,0,0.301164,0.568649,0,3.561,0
2,0,5,512,512,512,0,0,0,0,0.301133,0.562454,0,2.496,0
2,0,6,640,360,384,1,1,0,0,0.315017,0.579326,0,1309.25,0
2,0,7,640,360,384,0,1,1,0,0.314728,0.570384,0,3.851,0
0,1,0,512,512,512,1,1,0,0,0.301365,0.56876,0,1319.45,0
0,1,1,512,512,512,0,1,0,1,0.301195,0.561359,0,3.689,0
0,1,2,512,512,512,0,1,0,2,0.301207,0.569353,0,3.404,0
0,1,3,512,512,512,0,1,0,3,0.300901,0.570526,0,3.334,0
0,1,4,512,512,512,1,1,0,0,0.301164,0.568649,0,3.441,0
0,1,5,512,512,512,0,0,0,1,0.301292,0.576922,0,3.403,0
0,1,6,640,360,384,1,1,0,0,0.315017,0.579326,0,1308.17,0
0,1,7,640,360,384,0,1,0,1,0.315249,0.57015,0,3.502,0
1,1,0,512,512,512,1,1,0,0,0.301365,0.56876,0,1308.55,0
1,1,1,512,512,512,0,1,1,1,0.300124,0.553218,0,3.427,0
1,1,2,512,512,512,0,1,1,2,0.300892,0.55354,0,3.328,0
1,1,3,512,512,512,0,1,1,3,0.300453,0.552107,0,3.288,0
1,1,4,512,512,512,1,1,0,0,0.301164,0.568649,0,3.03,0
1,1,5,512,512,512,0,0,0,1,0.301292,0.576922,0,3.021,0
1,1,6,640,360,384,1,1,0,0,0.315017,0.579326,0,1320.04,0
1,1,7,640,360,384,0,1,1,1,0.315361,0.5686,0,3.98,0
2,1,0,512,512,512,1,1,0,0,0.301365,0.56876,0,1316.05,0
2,1,1,512,512,512,0,1,1,1,0.300153,0.560177,0,4.014,0
2,1,2,512,512,512,0,1,1,2,0.300343,0.55597,0,3.806,0
2,1,3,512,512,512,0,1,1,3,0.300354,0.552526,0,3.738,0
2,1,4,512,512,512,1,1,0,0,0.301164,0.568649,0,2.986,0
2,1,5,512,512,512,0,0,0,1,0.301292,0.576922,0,2.984,0
2,1,6,640,360,384,1,1,0,0,0.315017,0.579326,0,1308.88,0
2,1,7,640,360,384,0,1,1,1,0.315356,0.571969,0,4.104,0
